animal_zodiac,kr,fortune
rat,쥐띠,"머리가 잘 돌아가는 날이에요. 쥐띠는 정보를 먼저 캐치하는 타입인데, 오늘 주변 대화에서 흘려듣지 마세요. 작은 힌트 하나가 이번 주 결정에 영향을 줄 수 있어요."
rat,쥐띠,오늘 계획 없이 움직이면 에너지 낭비가 크게 납니다. 쥐띠는 머리는 빠른데 몸이 분산되면 결과가 흐려지는 타입이에요. 오전에 오늘 할 것 3개만 적어두고 시작하세요.
rat,쥐띠,"SNS나 뉴스에서 정보가 쏟아지는 날이에요. 쥐띠는 정보 수집 본능이 강한데, 오늘은 일단 저장보다 바로 쓸 것만 메모하는 게 낫습니다."
rat,쥐띠,"오늘 판단이 빠르게 나오는 날이에요. 쥐띠 특유의 계산 능력이 살아있는데, 단 금전 관련 빠른 결정은 한 번만 더 확인하세요."
rat,쥐띠,"오래된 연락처에서 뜻밖의 기회가 올 수 있어요. 쥐띠는 인맥을 정보처럼 관리하는 타입인데, 오늘 연락이 오면 가볍게라도 답장해두는 게 나중에 연결고리가 돼요."
rat,쥐띠,"오늘 너무 많이 알려고 하다가 정작 실행이 늦어질 수 있어요. 쥐띠의 고질적 패턴인데, 오늘은 80% 파악했으면 움직이세요."
rat,쥐띠,돈 관련 결정이 있다면 오전에 처리하세요. 쥐띠는 오전에 판단력이 가장 날카로운 타입이에요. 오후로 넘기면 고민이 길어집니다.
rat,쥐띠,카페나 도서관처럼 약간의 소음이 있는 공간이 오늘 집중력을 올려줘요. 쥐띠는 완전한 정적보다 적당한 자극이 있는 환경에서 머리가 더 잘 돌아가는 타입이에요.
rat,쥐띠,"오늘 누군가에게 아이디어를 먼저 말했다가 내 것이 되지 않을 수 있어요. 쥐띠는 말이 빠른 타입인데, 오늘은 실행 전에 공유하는 걸 잠깐 참아보세요."
rat,쥐띠,"절약하고 싶은데 쇼핑몰을 열게 되는 날이에요. 쥐띠는 비교 분석이 취미인 타입인데, 오늘은 장바구니에 담기만 하고 결제는 내일 하세요."
rat,쥐띠,"주변 눈치를 너무 보다가 정작 내 의견을 못 낸 날이에요. 쥐띠는 분위기를 먼저 읽는 타입인데, 오늘은 먼저 말하는 연습이 필요해요."
rat,쥐띠,"오늘 생각이 너무 많아서 잠들기 어려울 수 있어요. 쥐띠는 자기 전 머릿속이 바쁜 타입인데, 내일 할 일 목록을 종이에 써두고 자면 머릿속이 가벼워져요."
rat,쥐띠,"오늘 작은 실수를 크게 분석하는 패턴이 올라올 수 있어요. 쥐띠는 자기 검열이 강한 타입인데, 오늘 실수는 분석보다 빠른 수정이 답이에요."
rat,쥐띠,인터넷에서 본 정보를 사실처럼 전달하기 전에 한 번만 확인하세요. 쥐띠는 정보 전달 속도가 빠른 타입이라 오늘은 출처 확인이 신뢰도를 지켜줘요.
rat,쥐띠,"오늘 혼자 처리하려다 막히는 일이 생길 수 있어요. 쥐띠는 혼자 해결하는 걸 선호하는데, 오늘은 한 사람에게 물어보는 게 3배 빨라요."
rat,쥐띠,"새로운 정보나 기술을 배우기 좋은 날이에요. 쥐띠는 학습 흡수가 빠른 타입인데, 오늘 유튜브 10분짜리 하나 보는 것도 충분한 인풋이 돼요."
rat,쥐띠,"오늘 멀티태스킹을 하면 오히려 다 흐릿하게 끝납니다. 쥐띠는 동시에 여러 개를 처리하고 싶은 충동이 있는 타입인데, 오늘은 하나 끝내고 다음으로 가세요."
rat,쥐띠,"저녁에 피곤해서 식사를 대충 때우려는 날이에요. 쥐띠는 바쁠 때 끼니를 건너뛰는 패턴이 있는데, 오늘 저녁은 제대로 먹는 게 내일 컨디션을 만들어요."
rat,쥐띠,"오늘 중요한 대화는 문자보다 직접 말하는 게 나아요. 쥐띠는 텍스트로 소통하는 걸 편하게 여기는 타입인데, 오늘은 뉘앙스가 중요한 대화라면 목소리로 하세요."
rat,쥐띠,"조용히 혼자 있는 시간이 오늘 에너지를 회복시켜줘요. 쥐띠는 사람 속에서 정보를 모으는 타입인데, 오늘은 잠깐 오프 모드가 필요해요."
rat,쥐띠,오늘 아이디어가 계속 떠오르는데 실행이 안 따라오는 날이에요. 메모만 해두고 내일 하나 골라서 시작하세요. 쥐띠는 아이디어 재고가 항상 충분한 타입이에요.
rat,쥐띠,"오늘 정보 없이 결정을 내려야 하는 상황이 생기면 불편할 수 있어요. 쥐띠는 준비된 상태에서 가장 잘 움직이는 타입인데, 오늘은 지금 아는 것만으로 가도 된다고 허락해주세요."
rat,쥐띠,"오전 중 짧은 산책이 오늘 머릿속을 정리해줘요. 쥐띠는 걸으면서 생각이 정리되는 타입인데, 책상 앞에서 막히면 10분 밖으로 나가보세요."
rat,쥐띠,"오늘 칭찬을 받으면 더 잘하게 되는 날이에요. 쥐띠는 인정 욕구가 은근히 강한 타입인데, 오늘 주변에 먼저 잘한 점을 말해주면 돌아오는 게 있어요."
rat,쥐띠,"쇼핑 전 이번 달 이미 산 것을 먼저 확인하세요. 쥐띠는 비교하다 보면 어느새 결제하는 패턴이 있는데, 오늘은 보는 것만으로 멈춰도 잘한 거예요."
rat,쥐띠,"오늘 예상치 못한 지출이 생길 수 있어요. 쥐띠는 미리 대비하는 타입인데, 오늘은 여유 금액을 조금 따로 빼두는 게 마음을 편하게 해줘요."
rat,쥐띠,"오늘 누군가와 공동 작업이 있다면 역할 분담을 먼저 하세요. 쥐띠는 혼자 다 하려는 경향이 있는데, 오늘은 나눌수록 결과가 좋아지는 날이에요."
rat,쥐띠,오늘 판단이 빠른 대신 놓치는 디테일이 생길 수 있어요. 중요한 계약이나 문서라면 한 번 더 훑어보세요. 쥐띠의 빠름이 오늘은 꼼꼼함과 함께 가야 해요.
rat,쥐띠,"오늘 오후에 집중력이 떨어지는 시간이 생길 수 있어요. 쥐띠는 오전에 에너지를 몰아쓰는 타입인데, 오후엔 가벼운 작업으로 속도를 조절하세요."
rat,쥐띠,저녁에 내일 할 일을 10분만 미리 정리해두면 아침 출발이 달라집니다. 쥐띠는 준비된 시작이 하루를 완전히 바꾸는 타입이에요.
rat,쥐띠,"오늘 하루 동안 정보를 너무 많이 소화했다면 저녁은 인풋 차단이 필요해요. 쥐띠는 자극이 없어야 진짜 쉬는 타입인데, 자기 전 30분은 핸드폰을 내려두세요."
rat,쥐띠,오늘 빠른 결정이 필요한 상황에서 쥐띠의 직감이 가장 정확하게 작동해요. 너무 오래 고민하지 말고 처음 판단을 따라가세요.
rat,쥐띠,"오늘 대화에서 내 말이 너무 많았다면, 상대가 무슨 말을 하려 했는지 돌아보세요. 쥐띠는 말이 빠른 타입이라 가끔 듣는 쪽을 놓쳐요."
rat,쥐띠,"오늘 작은 목표 하나를 완료하는 것만으로 에너지가 올라와요. 쥐띠는 완료 표시를 할 때 동기부여가 되는 타입인데, 오늘은 쉬운 것부터 하나씩 체크해가세요."
rat,쥐띠,"새로운 루틴을 시작하기 좋은 날이에요. 쥐띠는 패턴을 만들면 빠르게 습관화하는 타입인데, 오늘 작게 시작해도 3일이면 자리를 잡아요."
rat,쥐띠,"오늘 남 이야기를 전달하기 전에 확인하세요. 쥐띠는 정보 전달 속도가 빠른데, 오늘 전달한 것이 왜곡될 수 있는 날이에요."
rat,쥐띠,"오늘 피곤한데 억지로 사람을 만나야 한다면, 30분 일찍 나와서 혼자 있는 시간을 만들어두세요. 쥐띠는 준비된 상태의 소통이 훨씬 자연스러운 타입이에요."
rat,쥐띠,오늘 운동이나 가벼운 스트레칭이 오후 집중력을 올려줘요. 쥐띠는 뇌를 많이 쓰는 타입이라 몸을 움직여야 머리가 다시 돌아가요.
rat,쥐띠,"오늘 감정이 복잡하다면 일 먼저 처리하고 감정은 나중에 정리해도 돼요. 쥐띠는 감정보다 실행이 먼저인 타입인데, 오늘은 그 순서가 맞아요."
rat,쥐띠,"오늘 내가 먼저 연락하는 게 맞는 날이에요. 쥐띠는 상대 반응을 먼저 보려는 경향이 있는데, 오늘은 먼저 손 내밀면 기다리는 시간이 줄어들어요."
rat,쥐띠,오늘 혼자 밥 먹는 시간을 갖는 게 의외로 좋은 충전이 돼요. 쥐띠는 자극이 많은 하루를 보내기 때문에 점심 한 끼 정도는 조용히 먹는 게 오후를 살려줘요.
rat,쥐띠,오늘 계획을 너무 촘촘하게 짜면 하나 어긋날 때 전체가 무너지는 느낌이 들어요. 쥐띠는 플랜B를 하나 더 준비해두는 타입이 되어야 하는 날이에요.
rat,쥐띠,"오늘 누군가 내 아이디어를 가져간 느낌이 든다면, 오늘부터 중요한 것은 기록과 날짜를 남겨두세요. 쥐띠는 아이디어가 빠른 만큼 선점 타이밍이 중요해요."
rat,쥐띠,"오늘 집중이 안 된다면 환경을 바꿔보세요. 쥐띠는 공간 변화에 민감하게 반응하는 타입인데, 자리 이동 하나만으로 흐름이 달라질 수 있어요."
rat,쥐띠,"오늘 말 한 마디에 상대가 예민하게 반응할 수 있어요. 쥐띠는 직접적인 화법을 쓰는 타입인데, 오늘은 표현을 조금 부드럽게 가져가세요."
rat,쥐띠,빠른 정보 처리가 오늘 주변 사람들에게 도움이 되는 날이에요. 모르는 것을 물어보는 사람이 있다면 오늘은 적극적으로 알려주세요.
rat,쥐띠,"오늘 계획을 세우는 데 시간을 너무 쓰고 있다면 일단 시작하세요. 쥐띠는 완벽한 계획을 원하는 타입인데, 오늘은 시작이 계획보다 중요해요."
rat,쥐띠,"새로운 정보를 얻었다면 오늘 안에 한 가지 행동으로 연결하세요. 쥐띠는 정보를 모으는 것에 익숙한데, 오늘은 그 정보를 실행으로 전환하는 날이에요."
rat,쥐띠,"오늘 잠들기 전 5분, 오늘 잘한 것 하나만 생각하고 자세요. 쥐띠는 부족한 것을 더 많이 보는 타입인데, 오늘은 이미 한 것을 인정해주는 게 내일 에너지를 만들어요."
rat,쥐띠,"오늘 하루 끝에 내일 딱 한 가지만 정해두세요. 쥐띠는 선택지가 많으면 오히려 움직임이 느려지는 타입인데, 내일 아침은 그 하나만 하면 돼요."
ox,소띠,"오늘 계획대로 되지 않는 상황이 생길 수 있어요. 소띠는 변화가 불편한 타입인데, 오늘은 B안이 오히려 더 나은 결과를 가져올 수 있어요. 일단 상황을 들어보세요."
ox,소띠,꼼꼼하게 검토하는 소띠의 능력이 오늘 빛납니다. 남들이 급하게 넘어간 부분에서 중요한 걸 잡아낼 수 있어요. 서두르지 않는 게 오늘의 강점이에요.
ox,소띠,"오늘 오래 써온 물건이나 방식을 바꿔야 하는 상황이 올 수 있어요. 소띠는 익숙한 것에서 안정을 찾는 타입인데, 오늘 그 변화를 받아들이면 3주 후 편해져요."
ox,소띠,"오늘 저녁 7시~9시 사이가 가장 안정적인 대화 시간이에요. 소띠는 하루 마무리가 되어야 말이 나오는 타입인데, 중요한 이야기는 오늘 저녁으로 미뤄두세요."
ox,소띠,"오늘 먹는 걸로 스트레스를 푸는 패턴이 올라올 수 있어요. 소띠는 감각적 만족에서 위안을 찾는 타입인데, 오늘 야식 당기면 먹되 소화 시간은 확보하세요."
ox,소띠,한 번 시작한 건 끝내는 소띠의 기질이 오늘 결과물을 만들어내요. 미루고 있던 것 하나를 오전에 시작하세요. 시작만 하면 끝까지 가는 타입이에요.
ox,소띠,"오늘 지름길보다 정석을 선택하는 게 맞는 날이에요. 소띠는 빠른 것보다 확실한 것을 선호하는 타입인데, 오늘 그 선택이 나중에 가장 효율적이에요."
ox,소띠,"오늘 누군가 갑자기 계획을 바꾸면 불쾌한 감정이 올라올 수 있어요. 소띠 특유의 반응인데, 그 감정을 즉각 표현하기보다 10분 후에 말하면 덜 충돌해요."
ox,소띠,"오늘 좋아하는 음식을 제대로 차려서 먹는 게 실제로 기분을 올려줘요. 소띠는 먹는 것에서 에너지를 채우는 타입인데, 오늘 점심은 편의점 대신 제대로 된 한 끼가 맞아요."
ox,소띠,"오전 10시~낮 12시가 집중력 피크예요. 소띠는 환경이 안정적일 때 가장 잘 움직이는 타입인데, 오전 중반에 중요한 업무를 몰아서 처리하세요."
ox,소띠,"오늘 빠른 결정을 요구받는 상황이 생길 수 있어요. 소띠는 충분히 생각해야 하는 타입인데, 잠깐만요 확인하고 연락드릴게요가 오늘 가장 나은 대답이에요."
ox,소띠,"오늘 규칙이나 약속이 어긋나는 상황에 예민하게 반응할 수 있어요. 소띠는 원칙을 중시하는 타입인데, 오늘은 그 원칙을 유연하게 가져가는 연습이 필요해요."
ox,소띠,"오늘 혼자 집에서 할 수 있는 일이 가장 효율적으로 돌아가요. 소띠는 외부 방해가 없을 때 집중력이 올라가는 타입인데, 오늘 혼자 작업 시간을 최대한 활용하세요."
ox,소띠,"신뢰하는 사람에게 오늘 솔직하게 털어놓는 게 생각보다 가볍게 만들어줘요. 소띠는 혼자 끌어안는 타입인데, 오늘 한 사람에게 꺼내놓는 것만으로 달라져요."
ox,소띠,"오늘 오랫동안 미뤄온 것을 처리하기 좋은 날이에요. 소띠는 시작하면 끝까지 가는 타입인데, 오늘이 그 시작점이 되면 돼요."
ox,소띠,"오늘 충동구매가 위험한 날이에요. 소띠는 한 번 꽂히면 사는 타입인데, 오늘 카트에 담아두고 3일 후에 다시 보세요."
ox,소띠,"오늘 몸이 무거운 느낌이 든다면 스트레칭 10분이 답이에요. 소띠는 규칙적인 몸 관리가 컨디션을 유지하는 타입인데, 오늘 가벼운 움직임이 오후를 살려요."
ox,소띠,"오늘 감정을 억누르다가 엉뚱한 데서 터질 수 있어요. 소띠는 쌓아두는 타입인데, 오늘 가까운 사람과 10분 대화가 밸브 역할을 해줘요."
ox,소띠,"오늘 새로운 방식을 시도해볼 여지가 있어요. 소띠는 검증된 방법을 선호하지만, 오늘 딱 하나만 달리 해보면 생각보다 잘 맞을 수 있어요."
ox,소띠,오늘 자기 전 내일 준비를 10분만 해두면 아침이 달라져요. 소띠는 준비된 시작이 하루를 안정적으로 만드는 타입이에요.
ox,소띠,"오늘 중요한 결정은 오전에 내리세요. 소띠는 피곤할수록 현상 유지를 선택하는 타입인데, 오전의 판단이 가장 정확해요."
ox,소띠,오늘 규칙적인 식사 시간을 지키는 것만으로 컨디션이 달라져요. 소띠는 생활 패턴이 흐트러지면 기분도 같이 내려가는 타입이에요.
ox,소띠,"오늘 주변에서 빠르게 결정하라는 압박이 올 수 있어요. 소띠는 서두르면 후회하는 타입인데, 오늘 내일까지 생각해볼게요가 가장 안전한 답이에요."
ox,소띠,"오늘 오랫동안 연락 못 했던 사람에게 짧게라도 메시지를 보내기 좋은 날이에요. 소띠는 관계를 오래 유지하는 타입인데, 오늘 그 연결이 의외로 큰 기회가 돼요."
ox,소띠,오늘 반복적인 작업이 있다면 소띠가 가장 잘 처리하는 날이에요. 꼼꼼하게 끝까지 가는 기질이 오늘 가장 잘 맞아요.
ox,소띠,"오늘 칭찬을 받으면 쑥스럽지만 내심 기운이 올라오는 날이에요. 소띠는 인정받을 때 더 잘하는 타입인데, 오늘 스스로 잘한 것 하나를 인정해주세요."
ox,소띠,"오늘 감각적인 것들, 맛있는 것, 따뜻한 것, 편한 것이 기분을 회복시켜줘요. 소띠는 감각에서 안정을 찾는 타입인데, 오늘은 작은 즐거움 하나를 허락하세요."
ox,소띠,"오늘 고집이 세지는 날이에요. 소띠는 맞다고 생각하면 끝까지 가는 타입인데, 오늘은 상대 말의 50%는 맞을 수 있다는 전제로 들어보세요."
ox,소띠,"오늘 계획을 세우는 것 자체가 에너지를 주는 날이에요. 소띠는 로드맵이 있으면 안심하는 타입인데, 오늘 이번 주 계획을 한 장에 정리해두면 한결 가벼워져요."
ox,소띠,"오늘 무리하게 많은 것을 처리하려 하지 마세요. 소띠는 페이스를 유지하는 게 장거리에서 이기는 타입인데, 오늘은 속도보다 꾸준함이에요."
ox,소띠,"오늘 익숙한 경로나 방법 말고 새로운 것을 딱 하나만 써보세요. 소띠는 검증 없이 바꾸기 싫어하는 타입인데, 오늘의 작은 실험이 다음 달의 더 나은 방법이 돼요."
ox,소띠,"오늘 피로가 쌓여도 내색 못 하는 날이에요. 소띠는 티를 잘 안 내는 타입인데, 오늘은 좀 힘들다는 말을 한 번 해보세요."
ox,소띠,"오늘 오래된 습관이 발목을 잡을 수 있어요. 소띠는 해오던 방식에 익숙한 타입인데, 오늘은 그 방식이 지금도 맞는지 한 번만 점검해보세요."
ox,소띠,"오늘 업무 중 실수가 생겨도 과하게 자책하지 마세요. 소띠는 완벽주의가 강한 타입인데, 오늘 실수는 기록하고 다음에 수정하면 돼요."
ox,소띠,"오늘 혼자 밥 먹는 시간이 의외로 좋은 리셋이 돼요. 소띠는 조용한 환경에서 에너지가 회복되는 타입인데, 오늘 점심은 혼자 조용히 먹는 게 오후를 살려줘요."
ox,소띠,"오늘 평소보다 조금 일찍 마무리하는 게 맞아요. 소띠는 완전히 끝내야 쉴 수 있는 타입인데, 오늘은 80%에서 멈추는 연습이 필요해요."
ox,소띠,"오늘 오래된 계획을 실행에 옮기기 좋은 날이에요. 소띠는 준비가 끝나야 시작하는 타입인데, 오늘은 이미 충분히 준비됐어요."
ox,소띠,"오늘 고마운 사람에게 표현하기 좋은 날이에요. 소띠는 감정 표현이 서툰 타입인데, 짧은 문자 한 줄도 오늘은 충분히 전달돼요."
ox,소띠,"오늘 건강 루틴 하나를 추가하기 좋은 날이에요. 소띠는 습관으로 만들면 오래 가는 타입인데, 오늘 저녁 10분 걷기부터 시작해보세요."
ox,소띠,"오늘 작은 불편함을 말하지 않고 참고 있다면, 오늘 안에 한 번은 표현하세요. 소띠는 참으면 쌓이는 타입인데, 작게 말할수록 관계가 오래 가요."
ox,소띠,오늘 남들 보기엔 느리지만 가장 튼튼하게 가고 있어요. 소띠의 페이스가 맞는 날이에요. 주변 속도에 흔들리지 마세요.
ox,소띠,"오늘 새로운 사람을 만나는 자리가 있다면 첫 인상이 오래 남는 날이에요. 소띠는 신뢰를 천천히 쌓는 타입인데, 오늘 첫 만남이 나중에 중요한 관계가 될 수 있어요."
ox,소띠,"오늘 돈 계획을 한 번 점검하기 좋은 날이에요. 소띠는 장기 계획에 강한 타입인데, 이번 달 지출을 오늘 한 번 정리해두면 다음 달이 달라져요."
ox,소띠,"오늘 집 정리 하나를 하면 기분이 올라와요. 소띠는 공간이 정돈되어야 마음이 안정되는 타입인데, 서랍 하나만 정리해도 오늘 밤이 달라져요."
ox,소띠,오늘 중요한 약속은 반드시 캘린더에 기록해두세요. 소띠는 기억력이 좋지만 오늘은 확인이 필요한 날이에요.
ox,소띠,"오늘 느리게 가는 것 같아도 가장 정확하게 가고 있는 날이에요. 소띠는 결과로 말하는 타입인데, 지금 쌓고 있는 것이 나중에 가장 단단한 기반이 돼요."
ox,소띠,오늘 업무에서 디테일 하나가 전체 결과를 바꿀 수 있어요. 소띠의 꼼꼼함이 오늘 팀 전체에 도움이 되는 날이에요.
ox,소띠,"오늘 피곤하면 일찍 자는 게 내일을 위한 가장 좋은 선택이에요. 소띠는 충분한 수면이 다음 날 집중력을 만드는 타입인데, 오늘 밤 11시 전에 눕는 게 맞아요."
ox,소띠,"오늘 하루를 마무리하면서 잘한 것 하나만 떠올려보세요. 소띠는 스스로 인정이 인색한 타입인데, 오늘은 그 인정을 먼저 자신에게 주세요."
tiger,호랑이띠,"오늘 몸이 먼저 움직이고 싶은 날이에요. 호랑이띠는 에너지가 올라오면 가만히 있는 게 더 힘든 타입인데, 오늘은 그 기운을 실행에 쓰는 게 맞아요."
tiger,호랑이띠,"오늘 결정이 빠르게 나오는 날이에요. 호랑이띠는 직감으로 움직이는 타입인데, 단 오늘 큰 금전 결정은 48시간 후에 다시 확인하세요."
tiger,호랑이띠,오늘 주도권을 가지고 먼저 방향을 제시하는 게 맞는 날이에요. 호랑이띠는 이끄는 위치에서 가장 에너지가 살아나는 타입이에요.
tiger,호랑이띠,"오늘 화가 빠르게 올라올 수 있어요. 호랑이띠는 반응 속도가 빠른 타입인데, 말 나가기 전 3초만 멈추면 오늘 관계가 지켜져요."
tiger,호랑이띠,"오늘 혼자 해결하려다 막히는 일이 생길 수 있어요. 호랑이띠는 독립심이 강한 타입인데, 오늘은 도움 요청이 더 빠른 길이에요."
tiger,호랑이띠,"몸을 쓰는 활동이 오늘 에너지를 가장 효율적으로 해소해줘요. 호랑이띠는 앉아있으면 오히려 예민해지는 타입인데, 오늘 30분 움직임이 하루를 바꿔요."
tiger,호랑이띠,"오늘 새로운 도전을 시작하기 좋은 날이에요. 호랑이띠는 시작 에너지가 넘치는 타입인데, 오늘 그 에너지로 미뤄두던 것의 첫 발을 내딛으세요."
tiger,호랑이띠,"오늘 참을성이 바닥나는 순간이 올 수 있어요. 호랑이띠는 느린 속도를 견디기 어려운 타입인데, 오늘은 상대의 속도를 일단 기다려주는 게 관계를 지켜요."
tiger,호랑이띠,"오늘 먹는 것에서 에너지를 채우는 날이에요. 호랑이띠는 기력이 떨어지면 집중력도 같이 내려가는 타입인데, 오늘 제대로 된 식사가 오후 성과를 만들어요."
tiger,호랑이띠,"오늘 경쟁 상황에서 가장 빛나는 날이에요. 호랑이띠는 도전이 있을 때 에너지가 두 배가 되는 타입인데, 오늘 그 상황을 피하지 마세요."
tiger,호랑이띠,"오늘 충동적으로 큰 결정을 하고 싶은 기운이 올라와요. 호랑이띠 특유의 즉흥성인데, 오늘은 그 결정을 종이에 써두고 내일 다시 보세요."
tiger,호랑이띠,"오늘 누군가를 이끌어야 하는 상황이 생겨요. 호랑이띠는 타고난 리더 기질이 있는데, 오늘은 그 자리가 자연스럽게 맡겨질 수 있어요."
tiger,호랑이띠,"오늘 오래 앉아서 집중해야 하는 작업이 있다면 타이머를 써보세요. 호랑이띠는 장시간 정적 집중이 힘든 타입인데, 25분 집중 5분 쉬는 방식이 오늘 가장 잘 맞아요."
tiger,호랑이띠,"오늘 솔직한 말이 관계에 좋은 날이에요. 호랑이띠는 직접 화법이 자연스러운 타입인데, 오늘은 그 솔직함이 상대에게 신뢰로 받아들여져요."
tiger,호랑이띠,"오늘 스트레스를 폭식으로 풀고 싶은 충동이 생길 수 있어요. 호랑이띠는 감정이 올라오면 몸으로 푸는 타입인데, 오늘은 먹기 전에 10분 걸어보세요."
tiger,호랑이띠,"오늘 과거에 했던 일을 돌아보면 앞으로 할 일의 힌트가 나와요. 호랑이띠는 경험에서 배우는 속도가 빠른 타입인데, 오늘 그 경험이 맞는 방향을 알려줘요."
tiger,호랑이띠,오늘 혼자 있는 시간이 에너지 충전에 필요한 날이에요. 호랑이띠는 활동적인 이미지지만 혼자 리셋하는 시간이 꼭 필요한 타입이에요.
tiger,호랑이띠,"오늘 무언가 불공평하다는 느낌이 들 수 있어요. 호랑이띠는 정의감이 강한 타입인데, 오늘은 그 감정을 행동으로 연결하기 전에 사실 관계를 확인하세요."
tiger,호랑이띠,"오늘 새로운 사람을 만나기 좋은 날이에요. 호랑이띠는 첫 인상이 강한 타입인데, 오늘 만남이 나중에 중요한 연결이 될 수 있어요."
tiger,호랑이띠,"오늘 집중이 안 된다면 공간을 바꿔보세요. 호랑이띠는 환경 변화에 즉각 반응하는 타입인데, 카페나 야외가 오늘 집중력을 올려줄 수 있어요."
tiger,호랑이띠,"오늘 한 가지에 집중하는 게 결과를 만드는 날이에요. 호랑이띠는 동시에 여러 개를 하려는 경향이 있는데, 오늘은 하나 끝내고 다음으로 가세요."
tiger,호랑이띠,"오늘 상대의 말을 끝까지 들어주는 게 관계를 유리하게 만들어요. 호랑이띠는 말이 빠른 타입인데, 오늘은 듣는 쪽이 더 많은 것을 얻어요."
tiger,호랑이띠,"오늘 무리한 약속을 하지 않는 게 맞아요. 호랑이띠는 열정적으로 수락하고 나중에 후회하는 패턴이 있는데, 오늘은 가능한지 확인 후에 연락드릴게요가 낫습니다."
tiger,호랑이띠,"오늘 저녁에 가벼운 운동이 내일을 위한 준비가 돼요. 호랑이띠는 몸 쓰는 활동이 정신 건강과 직결되는 타입인데, 오늘 30분이 내일 아침 컨디션을 만들어요."
tiger,호랑이띠,오늘 빠른 결정이 필요한 상황에서 호랑이띠의 직감이 가장 유리해요. 오늘만큼은 분석보다 첫 감각을 따라가세요.
tiger,호랑이띠,"오늘 자신에게 너무 많은 것을 요구하는 날이에요. 호랑이띠는 높은 기준을 스스로에게 세우는 타입인데, 오늘은 이 정도면 됐다를 허락해주세요."
tiger,호랑이띠,"오늘 쉬는 것도 실력이에요. 호랑이띠는 멈추는 게 불안한 타입인데, 오늘 충분히 쉬는 것이 내일의 폭발적인 에너지를 만들어요."
tiger,호랑이띠,오늘 분위기를 주도하는 자리에 자연스럽게 서게 돼요. 호랑이띠의 카리스마가 살아있는 날이에요.
tiger,호랑이띠,"오늘 감정이 올라오면 잠깐 자리를 피하는 게 최선이에요. 호랑이띠는 즉각 반응하는 타입인데, 5분만 자리를 비워도 상황이 달라져요."
tiger,호랑이띠,"오늘 작은 목표를 완료하는 것만으로 에너지가 올라와요. 호랑이띠는 성취감에서 동기를 얻는 타입인데, 오늘은 작은 완료부터 하나씩 쌓아가세요."
tiger,호랑이띠,"오늘 즉흥적으로 어딘가 가고 싶은 충동이 생겨요. 호랑이띠는 자유로운 이동에서 에너지를 얻는 타입인데, 오늘 계획 없는 짧은 외출이 의외로 좋은 리셋이 돼요."
tiger,호랑이띠,"오늘 말 실수가 생길 수 있는 날이에요. 호랑이띠는 직설적인 타입인데, 오늘은 유머로 포장하거나 부드럽게 표현하는 방법을 써보세요."
tiger,호랑이띠,"오늘 새로운 취미나 배움을 시작하기 좋은 날이에요. 호랑이띠는 새로운 것에 빠르게 흥미를 붙이는 타입인데, 오늘의 시작이 3개월 후 특기가 될 수 있어요."
tiger,호랑이띠,"오늘 대화에서 먼저 결론을 말하면 상대가 따라오기 쉬워요. 호랑이띠는 빠른 사고를 하는 타입인데, 오늘은 그 속도를 상대에게도 맞춰주세요."
tiger,호랑이띠,오늘 집에 있는 것보다 밖에 나가는 게 에너지를 살려줘요. 호랑이띠는 공간이 바뀔 때 기분도 같이 전환되는 타입이에요.
tiger,호랑이띠,"오늘 과거 결정을 후회하는 시간이 오래 걸릴 수 있어요. 호랑이띠는 자존심이 강한 타입인데, 오늘은 그 에너지를 다음 결정에 쓰는 게 맞아요."
tiger,호랑이띠,"오늘 오랫동안 하고 싶었던 것을 시작할 수 있는 날이에요. 호랑이띠는 시작 에너지가 넘치는 타입인데, 오늘이 그 타이밍이에요."
tiger,호랑이띠,"오늘 가까운 사람에게 솔직한 피드백을 줄 수 있는 날이에요. 호랑이띠는 직접 말하는 타입인데, 오늘은 그 솔직함이 상대에게 도움이 돼요."
tiger,호랑이띠,"오늘 혼자 결정하는 것보다 한 명의 의견을 듣고 결정하는 게 더 나은 날이에요. 호랑이띠는 독립적인 타입인데, 오늘은 외부 시각이 도움이 돼요."
tiger,호랑이띠,"오늘 과한 확신보다 열린 태도가 더 좋은 결과를 만들어요. 호랑이띠는 자기 확신이 강한 타입인데, 오늘은 다른 방법도 있을 수 있다는 여지를 남겨두세요."
tiger,호랑이띠,오늘 빠른 실행력이 경쟁에서 앞서게 해줘요. 호랑이띠의 강점이 가장 잘 맞는 날이에요. 준비됐으면 지금 바로 움직이세요.
tiger,호랑이띠,"오늘 저녁에 맛있는 것을 먹는 게 하루의 가장 좋은 마무리예요. 호랑이띠는 감각적 즐거움이 기분 전환에 빠른 타입인데, 오늘 저녁은 좋아하는 것으로 채워도 돼요."
tiger,호랑이띠,오늘 팀 작업에서 주도적인 역할을 맡는 게 자연스럽게 맞아요. 호랑이띠는 방향 제시에서 가장 에너지가 살아나는 타입이에요.
tiger,호랑이띠,"오늘 너무 많은 것을 동시에 추진하려다 하나도 마무리가 안 될 수 있어요. 호랑이띠는 에너지가 넘치는 타입인데, 오늘은 하나에 집중하세요."
tiger,호랑이띠,"오늘 배고프면 판단력이 떨어지는 날이에요. 호랑이띠는 기력과 집중력이 직결되는 타입인데, 오늘 간식 하나 챙기는 게 업무 효율을 지켜줘요."
tiger,호랑이띠,"오늘 하루를 마무리할 때 내일 딱 한 가지만 정해두세요. 호랑이띠는 선택지가 많으면 흥분하는 타입인데, 내일은 그 하나만 하면 돼요."
tiger,호랑이띠,"오늘 잠들기 전 오늘 잘한 것 하나만 생각하고 자세요. 호랑이띠는 부족한 것을 더 크게 보는 타입인데, 오늘은 해낸 것에 집중하세요."
tiger,호랑이띠,오늘 주변 사람들에게 에너지를 주는 역할이 자연스럽게 생겨요. 호랑이띠의 활기가 오늘 주변을 움직이는 날이에요.
tiger,호랑이띠,"오늘 하루 끝에 충분히 쉬는 것이 내일 에너지의 시작이에요. 호랑이띠는 오늘을 다 써도 되는 타입인데, 단 내일을 위해 잠은 충분히 자세요."
rabbit,토끼띠,"오늘 조용히 혼자 있는 시간이 에너지를 가장 빠르게 회복시켜줘요. 토끼띠는 사람이 많은 환경에서 에너지가 빠지는 타입인데, 오늘 점심은 혼자 먹는 게 오후를 살려줘요."
rabbit,토끼띠,"오늘 민감하게 반응하게 되는 날이에요. 토끼띠는 감수성이 예민한 타입인데, 오늘 상대의 말을 의도보다 뉘앙스로 해석하지 않도록 주의하세요."
rabbit,토끼띠,오늘 부드럽게 표현하는 것이 오히려 설득력이 있는 날이에요. 토끼띠의 유연한 말투가 오늘 갈등 상황을 자연스럽게 풀어줘요.
rabbit,토끼띠,"오늘 결정을 미루고 싶은 충동이 생겨요. 토끼띠는 갈등을 피하는 타입인데, 오늘 미룬 결정이 내일 더 큰 고민이 될 수 있어요. 오늘 안에 딱 하나는 결론 내리세요."
rabbit,토끼띠,"오늘 아름답고 감각적인 것들이 기분을 올려줘요. 토끼띠는 미적 감수성이 높은 타입인데, 오늘 좋아하는 음악이나 음식 하나로 충전해보세요."
rabbit,토끼띠,"오늘 처음 만나는 사람에게 좋은 인상을 남기는 날이에요. 토끼띠는 첫 만남이 자연스러운 타입인데, 오늘 그 인상이 나중에 중요한 연결이 돼요."
rabbit,토끼띠,"오늘 남의 부탁을 거절하기 어려운 날이에요. 토끼띠는 갈등을 피하려고 수락하는 패턴이 있는데, 오늘은 생각해볼게요가 가장 나은 대답이에요."
rabbit,토끼띠,"오늘 감정이 복잡하다면 글로 써보는 것이 가장 빠른 정리 방법이에요. 토끼띠는 감정 표현에 섬세한 타입인데, 쓰면서 생각이 정리돼요."
rabbit,토끼띠,"오늘 배려하다 내 것을 못 챙기는 날이에요. 토끼띠는 타인 우선 패턴이 강한 타입인데, 오늘은 내 필요를 먼저 하나 처리하고 시작하세요."
rabbit,토끼띠,오늘 조용한 카페나 집에서 일이 가장 잘 돌아가요. 토끼띠는 소음이 적은 환경에서 집중력이 올라가는 타입이에요.
rabbit,토끼띠,"오늘 섬세한 작업, 글쓰기, 기획에서 결과가 좋게 나와요. 토끼띠의 세밀함이 오늘 빛나는 날이에요."
rabbit,토끼띠,"오늘 혼자 먹는 식사가 의외로 가장 좋은 충전이 돼요. 토끼띠는 조용한 회복 시간이 필요한 타입인데, 오늘 점심 혼자 먹는 시간을 만들어보세요."
rabbit,토끼띠,"오늘 감정이 날카로워지는 시간이 올 수 있어요. 토끼띠는 피로하면 예민해지는 타입인데, 오늘 오후에 10분 짧은 휴식이 그 날카로움을 막아줘요."
rabbit,토끼띠,"오늘 누군가의 작은 친절에 크게 위로받는 날이에요. 토끼띠는 감수성이 높은 타입인데, 그 위로를 받아도 괜찮아요."
rabbit,토끼띠,오늘 평화로운 환경이 가장 좋은 성과를 만들어줘요. 토끼띠는 갈등이 있는 환경에서 에너지가 급감하는 타입이에요.
rabbit,토끼띠,"오늘 하고 싶은 말을 안 하고 참는 패턴이 올라올 수 있어요. 토끼띠는 관계를 지키려고 참는 타입인데, 오늘은 부드럽게라도 표현하는 게 관계를 더 오래 지켜요."
rabbit,토끼띠,"오늘 세심하게 준비한 것이 상대에게 잘 전달되는 날이에요. 토끼띠는 디테일에서 차이를 만드는 타입인데, 오늘 그 꼼꼼함이 빛을 발해요."
rabbit,토끼띠,오늘 공감 능력이 특히 살아있어요. 힘들어 보이는 사람이 있다면 오늘 먼저 다가가세요. 토끼띠의 따뜻함이 오늘 가장 잘 전달되는 날이에요.
rabbit,토끼띠,오늘 혼자 결정하기 어렵다면 가장 믿는 한 사람의 의견만 들어보세요. 토끼띠는 너무 많은 의견을 들으면 오히려 혼란스러워지는 타입이에요.
rabbit,토끼띠,"오늘 지나치게 완벽하게 하려다가 시간이 지체될 수 있어요. 토끼띠는 섬세한 타입이지만, 오늘은 80%에서 내보내는 게 맞아요."
rabbit,토끼띠,"오늘 자신을 위한 시간을 한 시간만 만들어보세요. 토끼띠는 남을 챙기다 정작 자신을 못 챙기는 타입인데, 오늘 저녁은 자신을 위해 쓰세요."
rabbit,토끼띠,"오늘 조용한 환경에서 창의적인 아이디어가 떠올라요. 토끼띠는 자극이 적을 때 영감이 오는 타입인데, 오늘 조용한 시간이 가장 좋은 기획 시간이에요."
rabbit,토끼띠,"오늘 음식으로 기분을 회복하려는 충동이 생겨요. 토끼띠는 감각적인 위안을 찾는 타입인데, 오늘은 좋아하는 음식 하나를 천천히 즐기는 게 진짜 회복이에요."
rabbit,토끼띠,"오늘 새로운 환경보다 익숙한 공간이 더 편한 날이에요. 토끼띠는 안정된 환경에서 최고 성과를 내는 타입인데, 오늘은 루틴을 지키는 게 맞아요."
rabbit,토끼띠,"오늘 감사한 사람에게 짧게라도 마음을 전하기 좋은 날이에요. 토끼띠는 따뜻한 표현이 자연스러운 타입인데, 오늘 그 표현이 상대에게 크게 전달돼요."
rabbit,토끼띠,"오늘 자신의 감각과 직관을 믿어도 되는 날이에요. 토끼띠는 직감이 섬세한 타입인데, 오늘 그 감각이 좋은 방향을 가리키고 있어요."
rabbit,토끼띠,"오늘 너무 많은 사람과 만나면 저녁에 에너지가 고갈될 수 있어요. 토끼띠는 대인 관계에서 에너지를 많이 쓰는 타입인데, 오늘은 만남의 수를 조절하세요."
rabbit,토끼띠,"오늘 집중이 안 된다면 음악을 틀어보세요. 토끼띠는 감각적 자극이 집중력을 만들어주는 타입인데, 오늘 잔잔한 음악 하나가 흐름을 잡아줘요."
rabbit,토끼띠,"오늘 상대가 내 마음을 몰라주는 것 같아 서운한 날이에요. 토끼띠는 감수성이 높은 타입인데, 오늘은 직접 표현해야 전달되는 날이에요."
rabbit,토끼띠,"오늘 부드러운 거절 연습이 필요한 날이에요. 토끼띠는 싫다고 말하기 어려운 타입인데, 지금은 여유가 없어서요가 오늘 가장 편한 거절 표현이에요."
rabbit,토끼띠,"오늘 혼자 조용히 책을 읽거나 산책하는 시간이 가장 좋은 충전이 돼요. 토끼띠는 내향적 회복 시간이 필요한 타입인데, 오늘 저녁 그 시간을 만들어두세요."
rabbit,토끼띠,"오늘 감각적으로 아름다운 것을 보거나 먹으면 기분이 올라와요. 토끼띠는 미적 감수성이 기분과 직결되는 타입인데, 오늘 예쁜 카페 한 번 가보는 게 맞아요."
rabbit,토끼띠,"오늘 계획 없이 하루를 보내면 저녁에 허탈한 느낌이 들어요. 토끼띠는 작은 목표가 있어야 안정되는 타입인데, 오늘 딱 하나만 완료 목표로 잡아보세요."
rabbit,토끼띠,"오늘 스트레스를 먹는 것으로 해소하는 패턴이 올라올 수 있어요. 토끼띠는 감각으로 위로를 찾는 타입인데, 오늘은 먹기 전에 무엇이 불편한지 먼저 살펴보세요."
rabbit,토끼띠,"오늘 장기적인 계획을 세우기 좋은 날이에요. 토끼띠는 미래를 천천히 그려가는 타입인데, 오늘 3개월 후 원하는 것 하나를 적어두면 방향이 생겨요."
rabbit,토끼띠,"오늘 가까운 사람과 따뜻한 대화 한 번이 하루를 완전히 바꿔줄 수 있어요. 토끼띠는 관계에서 에너지를 받는 타입인데, 오늘은 짧아도 진심 있는 대화가 맞아요."
rabbit,토끼띠,"오늘 아름다운 공간에 있으면 창의력이 올라와요. 토끼띠는 환경이 감성에 영향을 주는 타입인데, 오늘 작업 공간을 조금 정돈해두면 집중력도 올라가요."
rabbit,토끼띠,오늘 너무 빨리 움직이려는 상황이 생겨도 토끼띠의 속도를 지키세요. 느리지만 섬세하게 가는 것이 오늘 가장 좋은 결과를 만들어요.
rabbit,토끼띠,"오늘 예민함이 창의성으로 연결되는 날이에요. 토끼띠는 감수성이 강점인 타입인데, 오늘 그 예민함이 좋은 아이디어나 표현으로 나올 수 있어요."
rabbit,토끼띠,오늘 자신이 느끼는 불편함을 무시하지 마세요. 토끼띠의 직감은 섬세하게 맞아요. 오늘 그 불편함이 가리키는 방향을 한 번 따라가 보세요.
rabbit,토끼띠,"오늘 하루를 마무리할 때 오늘 잘 챙긴 것 하나를 스스로 인정해주세요. 토끼띠는 남을 챙기느라 스스로를 잊는 타입인데, 오늘은 자신에게 먼저 인정을 주세요."
rabbit,토끼띠,"오늘 집에서 좋아하는 음식을 만들어 먹는 것이 최고의 회복이에요. 토끼띠는 감각적 즐거움에서 에너지를 채우는 타입인데, 오늘 저녁은 그 시간으로 채워보세요."
rabbit,토끼띠,"오늘 직관적으로 이상하다는 느낌이 든다면 그 판단이 맞을 가능성이 높아요. 토끼띠는 감각이 섬세한 타입인데, 오늘 그 직감을 무시하지 마세요."
rabbit,토끼띠,"오늘 너무 많은 것을 생각하다 정작 실행이 안 되는 날이에요. 토끼띠는 섬세하게 준비하는 타입인데, 오늘은 60%만 준비됐어도 시작해도 돼요."
rabbit,토끼띠,"오늘 가볍게 몸을 움직이는 것이 기분 전환에 가장 빠른 방법이에요. 토끼띠는 정적인 시간이 길어지면 기분이 가라앉는 타입인데, 오늘 10분 산책이 답이에요."
rabbit,토끼띠,"오늘 감정적으로 힘들다면 신뢰하는 한 사람에게 털어놓는 게 맞아요. 토끼띠는 혼자 삭이는 타입인데, 오늘은 꺼내놓는 것이 가장 빠른 회복이에요."
rabbit,토끼띠,"오늘 주변의 아름다운 것들을 의식적으로 발견해보세요. 토끼띠는 감각이 예민한 타입인데, 오늘 그 감각이 하루를 다르게 만들어줘요."
rabbit,토끼띠,"오늘 차분하게 시작하는 것이 하루를 안정적으로 만들어줘요. 토끼띠는 아침 루틴이 하루를 결정하는 타입인데, 오늘 아침 10분을 조용하게 보내면 달라져요."
rabbit,토끼띠,"오늘 하루 마무리에 내일 딱 하나만 정해두세요. 토끼띠는 선택지가 많으면 불안해지는 타입인데, 내일 아침은 그 하나로 시작하면 돼요."
dragon,용띠,"오늘 큰 그림을 그리기 좋은 날이에요. 용띠는 비전을 제시하는 타입인데, 오늘 그 아이디어를 종이에 구체적으로 써보면 실현 가능성이 보여요."
dragon,용띠,"오늘 에너지가 넘쳐서 여러 개를 동시에 하려는 충동이 생겨요. 용띠는 추진력이 강한 타입인데, 오늘은 가장 중요한 하나에 집중하면 결과가 달라져요."
dragon,용띠,"오늘 다른 사람의 속도가 답답하게 느껴질 수 있어요. 용띠는 빠른 추진력이 특기인 타입인데, 오늘은 팀의 속도를 기다려주는 것이 결과를 더 좋게 만들어요."
dragon,용띠,"오늘 자신의 직관을 믿어도 되는 날이에요. 용띠는 번뜩이는 아이디어가 강점인 타입인데, 오늘 그 첫 번째 생각이 가장 정확해요."
dragon,용띠,"오늘 주목받는 자리에서 에너지가 두 배가 되는 날이에요. 용띠는 무대 위에서 가장 잘 발휘되는 타입인데, 오늘 발표나 대면 자리가 있다면 자신 있게 나서세요."
dragon,용띠,"오늘 무리하게 혼자 해결하려다 막히는 일이 생길 수 있어요. 용띠는 독립적인 타입이지만, 오늘은 한 사람의 도움이 결과를 빠르게 만들어줘요."
dragon,용띠,"오늘 말이 너무 직접적으로 나갈 수 있어요. 용띠는 솔직한 타입인데, 오늘은 표현을 한 템포 늦추면 상대가 더 잘 받아들여요."
dragon,용띠,"오늘 오랫동안 생각해오던 것을 실행에 옮기기 좋은 날이에요. 용띠는 생각이 크고 행동이 빠른 타입인데, 오늘이 그 시작점이에요."
dragon,용띠,"오늘 스트레스를 과식으로 풀려는 충동이 생길 수 있어요. 용띠는 에너지가 높은 타입인데, 오늘은 먹기 전에 30분 걷는 것으로 먼저 풀어보세요."
dragon,용띠,"오늘 칭찬을 받으면 더 잘하게 되는 날이에요. 용띠는 인정받을 때 에너지가 올라가는 타입인데, 오늘 스스로에게 먼저 잘하고 있다고 말해보세요."
dragon,용띠,"오늘 새로운 프로젝트나 계획을 발표하기 좋은 날이에요. 용띠의 카리스마가 살아있는 날인데, 오늘 그 자리에서 방향을 제시하면 주변이 따라와요."
dragon,용띠,"오늘 자존심이 세지는 날이에요. 용띠는 지는 것이 힘든 타입인데, 오늘은 내가 옳다보다 같이 잘 되자는 방향이 더 좋은 결과를 만들어요."
dragon,용띠,"오늘 큰 결정이 생기면 빠르게 판단하고 싶은 충동이 생겨요. 용띠는 빠른 판단이 강점인 타입인데, 단 오늘 금전이 큰 결정은 하루만 더 두고 보세요."
dragon,용띠,"오늘 주변 사람들의 아이디어를 들어보면 예상치 못한 방향이 나와요. 용띠는 자신의 아이디어를 먼저 밀고 싶은 타입인데, 오늘은 듣는 것부터 시작하세요."
dragon,용띠,"오늘 과거의 성취를 자산으로 쓸 수 있는 날이에요. 용띠는 경험이 쌓일수록 강해지는 타입인데, 오늘 그 경험이 현재의 문제를 풀어주는 열쇠가 돼요."
dragon,용띠,"오늘 빠르게 움직이되 마무리를 꼼꼼하게 하는 게 완성도를 높여요. 용띠는 시작은 화려한데 마무리가 약한 패턴이 있는데, 오늘은 끝까지 집중하세요."
dragon,용띠,"오늘 새로운 사람과의 만남에서 좋은 첫인상을 남기는 날이에요. 용띠의 존재감이 오늘 특히 강하게 느껴지는 날인데, 그 인상이 나중에 중요한 기회가 돼요."
dragon,용띠,"오늘 혼자 있는 시간보다 사람들 속에서 에너지가 올라오는 날이에요. 용띠는 사회적 환경에서 에너지를 받는 타입인데, 오늘은 자리를 만들어도 좋아요."
dragon,용띠,"오늘 몸을 쓰는 활동이 에너지를 가장 효율적으로 해소해줘요. 용띠는 에너지가 높은 타입인데, 오늘 운동이나 야외 활동이 내일 집중력을 만들어요."
dragon,용띠,"오늘 원대한 계획을 실현 가능한 단계로 쪼개는 것이 중요해요. 용띠는 큰 그림은 잘 보지만 세부 단계가 약한 타입인데, 오늘 그 단계를 구체화해두세요."
dragon,용띠,"오늘 감정이 격해지는 순간이 올 수 있어요. 용띠는 반응이 강렬한 타입인데, 오늘은 그 감정이 나오기 전에 자리를 잠깐 피하는 게 최선이에요."
dragon,용띠,"오늘 목표에 집중하는 힘이 강한 날이에요. 용띠는 한 번 방향이 정해지면 흔들리지 않는 타입인데, 오늘 그 집중력이 가장 잘 발휘돼요."
dragon,용띠,"오늘 장기적인 투자나 계획을 검토하기 좋은 날이에요. 용띠는 큰 흐름을 보는 눈이 있는 타입인데, 오늘 그 안목이 가장 정확하게 작동해요."
dragon,용띠,"오늘 솔직한 피드백을 주는 것이 상대에게 도움이 되는 날이에요. 용띠는 직접적인 타입인데, 오늘은 그 솔직함이 상대에게 신뢰로 받아들여져요."
dragon,용띠,"오늘 주변이 나의 속도를 따라오지 못하는 느낌이 들어도 기다려주세요. 용띠는 빠른 타입인데, 오늘 기다림이 팀의 결과를 더 좋게 만들어요."
dragon,용띠,"오늘 쉬는 것이 더 어려운 날이에요. 용띠는 멈추면 불안한 타입인데, 오늘 30분의 진짜 휴식이 내일의 폭발적인 에너지를 만들어요."
dragon,용띠,오늘 혼자 밥 먹는 시간이 의외로 좋은 리셋이 돼요. 용띠는 활동적인 이미지지만 혼자 회복하는 시간도 필요한 타입이에요.
dragon,용띠,"오늘 자신의 강점을 활용하는 자리에 서는 게 맞아요. 용띠는 강점이 살아날 때 에너지가 두 배가 되는 타입인데, 오늘 그 자리를 만들어보세요."
dragon,용띠,"오늘 디테일 하나가 전체 결과를 바꿀 수 있어요. 용띠는 큰 그림에 강한 타입인데, 오늘은 작은 부분도 한 번 더 확인하세요."
dragon,용띠,"오늘 배가 고프면 집중력이 급격히 떨어지는 날이에요. 용띠는 에너지 소비가 큰 타입인데, 오늘 식사와 간식을 거르지 마세요."
dragon,용띠,"오늘 과거에 했던 큰 도전이 오늘의 결정에 자신감을 줘요. 용띠는 경험이 쌓일수록 대담해지는 타입인데, 오늘 그 경험이 맞는 방향을 알려줘요."
dragon,용띠,"오늘 너무 완벽한 결과를 원하다 시작을 못 하고 있다면, 용띠는 일단 시작해야 방향이 보이는 타입이에요. 지금 바로 시작하세요."
dragon,용띠,"오늘 중요한 대화에서 먼저 결론을 말하면 상대가 따라오기 쉬워요. 용띠는 생각이 빠른 타입인데, 오늘 그 속도를 상대에게도 맞춰주세요."
dragon,용띠,"오늘 주변의 기대가 높은 날이에요. 용띠는 그 기대에 부응하는 타입인데, 단 오늘은 자신의 컨디션도 체크하면서 움직이세요."
dragon,용띠,"오늘 하루를 마무리할 때 내일 딱 하나만 정해두세요. 용띠는 계획이 많을수록 흥분하는 타입인데, 내일 아침은 그 하나부터 시작하면 돼요."
dragon,용띠,"오늘 잠들기 전 오늘 이룬 것 하나만 생각하고 자세요. 용띠는 더 큰 것을 보느라 이미 이룬 것을 놓치는 타입인데, 오늘은 그것부터 인정해주세요."
dragon,용띠,"오늘 신뢰할 수 있는 한 사람의 의견을 들어보면 예상치 못한 시각이 나와요. 용띠는 자신의 판단을 신뢰하는 타입인데, 오늘은 외부 시각이 더 정확할 수 있어요."
dragon,용띠,"오늘 오랫동안 하고 싶었던 것을 시작할 수 있는 날이에요. 용띠는 시작 에너지가 넘치는 타입인데, 오늘이 그 타이밍이에요."
dragon,용띠,오늘 팀 분위기를 주도하는 자리에서 가장 에너지가 살아나요. 용띠의 카리스마가 오늘 팀 전체를 움직이는 날이에요.
dragon,용띠,"오늘 너무 많은 약속을 하지 않는 게 맞아요. 용띠는 열정적으로 수락하는 타입인데, 오늘은 할 수 있는 것만 약속하세요."
dragon,용띠,오늘 빠른 실행력이 경쟁에서 앞서게 해줘요. 용띠의 강점이 가장 잘 맞는 날이에요. 준비됐으면 지금 바로 움직이세요.
dragon,용띠,"오늘 좋아하는 것을 먹는 것이 가장 빠른 기분 전환이에요. 용띠는 감각적 즐거움이 에너지를 빠르게 올려주는 타입인데, 오늘 저녁은 좋아하는 것으로 채워보세요."
dragon,용띠,"오늘 하루 끝에 충분히 쉬는 것이 내일 에너지의 시작이에요. 용띠는 오늘을 다 써도 되는 타입인데, 단 내일을 위해 잠은 충분히 자세요."
dragon,용띠,"오늘 과감한 선택이 맞는 날이에요. 용띠는 대담한 결정이 결국 옳았던 경험이 많은 타입인데, 오늘도 그 직감을 따라가도 돼요."
dragon,용띠,오늘 자신감이 상대를 움직이는 날이에요. 용띠의 에너지와 확신이 오늘 주변 사람들에게 그대로 전달돼요.
dragon,용띠,"오늘 아이디어를 실행 계획으로 전환하는 것이 핵심이에요. 용띠는 아이디어가 풍부한 타입인데, 오늘 그 아이디어를 실행 단계 3개로 쪼개보세요."
dragon,용띠,"오늘 자신의 영역을 넓히는 결정을 내려도 되는 날이에요. 용띠는 성장 지향적인 타입인데, 오늘 그 확장이 맞는 타이밍이에요."
dragon,용띠,"오늘 주변의 부정적인 말에 흔들리지 마세요. 용띠는 자신의 방향이 있는 타입인데, 오늘 그 방향을 믿으면 돼요."
dragon,용띠,오늘 하루를 크게 시작하되 세부적으로 마무리하는 것이 완성도를 만들어요. 용띠는 큰 그림과 작은 디테일 사이에서 균형을 잡는 날이에요.
snake,뱀띠,"오늘 직관이 레이더처럼 작동하는 날이에요. 뱀띠는 상황을 꿰뚫어 보는 타입인데, 오늘 처음에 느끼는 감각이 가장 정확해요. 너무 분석하지 말고 첫 직감을 따르세요."
snake,뱀띠,"오늘 조용히 관찰하는 것이 가장 많은 정보를 주는 날이에요. 뱀띠는 말하기보다 듣고 관찰하는 것이 강점인 타입인데, 오늘 그 관찰이 나중에 중요한 판단 근거가 돼요."
snake,뱀띠,"오늘 속을 잘 보여주지 않는 뱀띠의 성향이 오히려 유리한 날이에요. 너무 많이 드러내지 않아도 되는 날인데, 오늘은 그 신중함이 맞아요."
snake,뱀띠,"오늘 오래 생각해오던 것을 결정하기 좋은 날이에요. 뱀띠는 충분히 숙성시킨 후에 움직이는 타입인데, 오늘 그 준비가 됐다면 실행해도 돼요."
snake,뱀띠,"오늘 먹는 것에 특별한 의미를 두는 날이에요. 뱀띠는 감각적인 즐거움에서 에너지를 얻는 타입인데, 오늘 좋아하는 음식을 천천히 즐기는 것이 좋은 충전이에요."
snake,뱀띠,오늘 한 번 꽂히면 집요하게 파고드는 뱀띠의 기질이 복잡한 문제를 풀어줘요. 오늘 막혔던 것이 오늘 안에 해결될 수 있어요.
snake,뱀띠,"오늘 의심이 너무 깊어지면 스스로 지치는 날이에요. 뱀띠는 타인의 진심을 꿰뚫어 보는 타입인데, 오늘은 그 직관을 과하게 쓰지 않도록 쉬어가세요."
snake,뱀띠,"오늘 오래된 관계에서 뜻밖의 도움이 올 수 있어요. 뱀띠는 신뢰 관계를 깊게 쌓는 타입인데, 오늘 그 관계가 결정적인 순간에 힘이 돼요."
snake,뱀띠,오늘 섬세한 판단이 필요한 일에서 뱀띠의 직관이 가장 빛나요. 복잡한 상황일수록 뱀띠의 감각이 정확하게 작동하는 날이에요.
snake,뱀띠,"오늘 감정을 숨기다 나중에 예상치 못한 방식으로 표현될 수 있어요. 뱀띠는 속을 잘 보여주지 않는 타입인데, 오늘 가까운 한 사람에게는 솔직하게 말해두세요."
snake,뱀띠,"오늘 전략적으로 움직이는 것이 맞는 날이에요. 뱀띠는 계산된 행동이 자연스러운 타입인데, 오늘 그 전략이 오히려 가장 자연스럽게 상황을 풀어줘요."
snake,뱀띠,"오늘 조용한 공간에서 집중력이 최고로 올라가요. 뱀띠는 소음이 적을 때 생각이 가장 잘 정리되는 타입인데, 오늘 중요한 업무는 혼자 조용한 곳에서 처리하세요."
snake,뱀띠,오늘 새로운 정보를 얻으면 바로 실행보다 숙성 시간을 갖는 게 맞아요. 뱀띠는 충분히 생각한 후에 가장 정확하게 움직이는 타입이에요.
snake,뱀띠,"오늘 누군가의 말 뒤에 숨은 의도가 보이는 날이에요. 뱀띠는 표면 아래를 읽는 타입인데, 오늘 그 감각이 정확하게 작동해요."
snake,뱀띠,"오늘 지금까지 참아온 것을 표현하기 좋은 날이에요. 뱀띠는 오래 담아두는 타입인데, 오늘 조용하고 단호하게 말하면 상대가 잘 받아들여요."
snake,뱀띠,"오늘 장기적인 계획을 점검하기 좋은 날이에요. 뱀띠는 큰 흐름을 보는 타입인데, 오늘 3개월 후를 내다보며 현재를 조정하면 방향이 선명해져요."
snake,뱀띠,"오늘 혼자 생각하는 시간이 가장 좋은 결정을 만들어줘요. 뱀띠는 내부에서 답이 나오는 타입인데, 오늘 조용한 사색 시간이 중요한 판단을 도와줘요."
snake,뱀띠,"오늘 감각적인 것, 좋은 음식, 좋은 향기, 편안한 환경이 기분을 올려줘요. 뱀띠는 감각에서 에너지를 채우는 타입인데, 오늘은 그 감각에 충실해도 돼요."
snake,뱀띠,"오늘 빠른 결정을 요구받는 상황이 생겨도 천천히 가는 게 맞아요. 뱀띠는 숙성된 판단이 가장 정확한 타입인데, 생각해보고 연락드릴게요가 오늘 가장 현명한 답이에요."
snake,뱀띠,"오늘 오랫동안 지켜봐온 것의 결론이 나오는 날이에요. 뱀띠는 인내심 있게 기다리는 타입인데, 오늘 그 기다림이 결과를 보여주는 날이에요."
snake,뱀띠,"오늘 전문성을 발휘하는 자리에서 가장 에너지가 살아나요. 뱀띠는 자신의 전문 영역에서 집중력이 극대화되는 타입인데, 오늘 그 자리가 만들어질 수 있어요."
snake,뱀띠,"오늘 상대의 진심과 거짓을 빠르게 구분할 수 있는 날이에요. 뱀띠의 직관 레이더가 가장 정확하게 작동하는 날인데, 오늘 그 감각을 믿으세요."
snake,뱀띠,"오늘 복잡한 상황에서 가장 냉정하게 판단하는 능력이 살아있어요. 뱀띠는 감정에 흔들리지 않고 상황을 보는 타입인데, 오늘 그 냉정함이 주변에 도움이 돼요."
snake,뱀띠,"오늘 너무 많은 것을 혼자 품고 있다면 글로 써보세요. 뱀띠는 혼자 담아두는 타입인데, 종이에 쓰는 것만으로 무게가 줄어들어요."
snake,뱀띠,"오늘 새로운 환경보다 익숙한 공간이 더 좋은 성과를 만들어줘요. 뱀띠는 안정된 환경에서 집중력이 올라가는 타입인데, 오늘은 루틴을 지키는 게 맞아요."
snake,뱀띠,"오늘 충동구매가 위험한 날이에요. 뱀띠는 한 번 꽂히면 사는 타입인데, 오늘 카트에 담아두고 3일 후에 다시 보세요."
snake,뱀띠,"오늘 상대방이 말하지 않은 것을 읽어내는 능력이 특히 살아있어요. 뱀띠는 행간을 읽는 타입인데, 오늘 그 능력이 중요한 대화에서 빛나요."
snake,뱀띠,"오늘 자신의 전문 분야에서 중요한 인사이트가 떠오르는 날이에요. 뱀띠는 깊이 파고드는 타입인데, 오늘 그 통찰을 기록해두세요."
snake,뱀띠,"오늘 주변의 소음에서 벗어나 혼자만의 공간이 필요한 날이에요. 뱀띠는 혼자 있을 때 에너지가 회복되는 타입인데, 오늘 저녁은 그 시간을 만들어두세요."
snake,뱀띠,"오늘 오래된 갈등이 해결될 수 있는 실마리가 생겨요. 뱀띠는 인내심 있게 기다리는 타입인데, 오늘 그 타이밍이 올 수 있어요."
snake,뱀띠,"오늘 자신을 위한 좋은 음식 한 끼가 에너지를 크게 올려줘요. 뱀띠는 감각적 즐거움에서 충전되는 타입인데, 오늘 식사는 제대로 챙기세요."
snake,뱀띠,"오늘 조용하지만 결정적인 한 마디가 상황을 바꿀 수 있어요. 뱀띠는 말이 많지 않지만 한 마디가 강한 타입인데, 오늘 그 한 마디를 아끼지 마세요."
snake,뱀띠,"오늘 너무 의심하다 좋은 기회를 놓치지 마세요. 뱀띠는 신중한 타입인데, 오늘은 70% 판단됐으면 움직여도 되는 날이에요."
snake,뱀띠,"오늘 깊이 있는 대화가 관계를 더 깊게 만들어줘요. 뱀띠는 표면적인 대화보다 깊은 대화를 선호하는 타입인데, 오늘 그런 대화를 나눌 기회가 생겨요."
snake,뱀띠,"오늘 몸의 신호를 무시하지 마세요. 뱀띠는 직관이 몸의 감각과 연결되는 타입인데, 오늘 피곤하거나 불편하다면 그 신호가 진짜예요."
snake,뱀띠,오늘 혼자 결정하기 어렵다면 가장 신뢰하는 한 사람만의 의견을 들어보세요. 뱀띠는 너무 많은 의견이 오히려 혼란을 주는 타입이에요.
snake,뱀띠,"오늘 장기적인 관점에서 지금의 상황을 보면 훨씬 가벼워지는 날이에요. 뱀띠는 큰 흐름을 보는 능력이 있는 타입인데, 오늘 그 시각으로 현재를 바라보세요."
snake,뱀띠,"오늘 지금 집중하는 분야에서 중요한 발견이 있을 수 있어요. 뱀띠는 깊이 파고드는 타입인데, 오늘 그 파고들기가 뭔가를 찾아낼 수 있어요."
snake,뱀띠,"오늘 자신의 판단을 신뢰하세요. 뱀띠는 충분히 생각한 후에 가장 정확하게 맞는 타입인데, 오늘 그 판단이 틀리지 않았어요."
snake,뱀띠,"오늘 너무 많이 숨기지 마세요. 뱀띠는 속을 보여주지 않는 타입인데, 오늘 조금 더 드러내는 것이 신뢰를 쌓는 방법이에요."
snake,뱀띠,"오늘 하루를 마무리할 때 오늘 가장 좋았던 것 하나를 떠올려보세요. 뱀띠는 부족한 것을 더 크게 보는 타입인데, 오늘은 잘 된 것에 집중해보세요."
snake,뱀띠,"오늘 중요한 문서나 계약은 한 번 더 꼼꼼하게 읽으세요. 뱀띠는 디테일을 잡아내는 타입인데, 오늘 그 꼼꼼함이 중요한 것을 지켜줘요."
snake,뱀띠,"오늘 잠들기 전 내일 하고 싶은 것 하나를 생각해두세요. 뱀띠는 준비된 시작이 하루를 다르게 만드는 타입인데, 내일 아침이 달라질 거예요."
snake,뱀띠,"오늘 자신만의 속도로 가는 것이 맞는 날이에요. 뱀띠는 외부 압박에 흔들리지 않는 타입인데, 오늘 그 속도를 지키세요."
snake,뱀띠,"오늘 깊고 조용한 곳에서 가장 좋은 아이디어가 나와요. 뱀띠는 소음 없는 환경에서 창의력이 올라가는 타입인데, 오늘은 조용한 공간을 지키세요."
snake,뱀띠,오늘 한 번 정한 것은 끝까지 가는 뱀띠의 집요함이 빛나는 날이에요. 중간에 포기하고 싶은 순간이 와도 조금만 더 가보세요.
snake,뱀띠,"오늘 예민한 감각이 창의적인 아이디어로 연결되는 날이에요. 뱀띠는 섬세한 감각이 강점인 타입인데, 오늘 그 감각이 새로운 방향을 알려줘요."
snake,뱀띠,"오늘 자신의 속도를 존중받고 싶은 날이에요. 뱀띠는 외부 압박에 예민한 타입인데, 오늘 누군가 재촉한다면 내 속도로 가겠다고 조용히 말해도 돼요."
snake,뱀띠,"오늘 하루 마무리에 좋아하는 것을 하나 즐기세요. 뱀띠는 감각적인 위안이 가장 효과적인 회복인 타입인데, 오늘 저녁 그 시간이 내일을 만들어요."
horse,말띠,"오늘 자유롭게 움직이고 싶은 기운이 강하게 올라와요. 말띠는 공간이 바뀔 때 에너지가 살아나는 타입인데, 오늘 점심 시간 10분만 밖에서 걸어도 오후가 달라져요."
horse,말띠,"오늘 즉흥적인 결정이 맞는 날이에요. 말띠는 계획보다 순간의 감각이 더 정확한 타입인데, 오늘 너무 따지지 말고 일단 해보자가 맞아요."
horse,말띠,"오늘 약속을 잡고 나서 후회하는 패턴이 생길 수 있어요. 말띠는 열정적으로 수락하는 타입인데, 오늘은 수락 전에 이번 주 컨디션을 먼저 확인하세요."
horse,말띠,"오늘 재미없으면 바로 에너지가 방전되는 날이에요. 말띠는 흥미가 없으면 집중이 안 되는 타입인데, 오늘 억지로 흥미를 만들기보다 가장 흥미로운 것부터 시작하세요."
horse,말띠,"오늘 솔직한 표현이 오히려 상대에게 상처를 줄 수 있어요. 말띠는 직접 화법이 자연스러운 타입인데, 오늘은 표현을 한 템포 늦추면 관계가 지켜져요."
horse,말띠,"오늘 혼자 생각하는 시간보다 몸을 쓰는 것이 에너지를 올려줘요. 말띠는 움직일 때 머리도 맑아지는 타입인데, 오늘 막히면 일단 밖으로 나가세요."
horse,말띠,"오늘 새로운 경험을 하기 좋은 날이에요. 말띠는 새로운 자극에서 에너지를 받는 타입인데, 오늘 처음 가는 식당이나 새로운 루트가 좋은 기분 전환이 돼요."
horse,말띠,"오늘 재미있는 것에 너무 빠져서 정작 해야 할 것을 놓칠 수 있어요. 말띠는 흥미에 집중하는 타입인데, 오늘 해야 할 것을 먼저 끝내고 즐기는 순서가 맞아요."
horse,말띠,"오늘 먹는 것이 기분을 가장 빠르게 올려주는 날이에요. 말띠는 감각적인 즐거움에서 에너지를 채우는 타입인데, 오늘 좋아하는 것을 먹는 게 가장 좋은 리셋이에요."
horse,말띠,"오늘 너무 오래 한 자리에 앉아 있으면 집중력이 급격히 떨어져요. 말띠는 정적인 환경에서 에너지가 빠지는 타입인데, 오늘 1시간에 한 번씩 일어나는 것을 규칙으로 만들어보세요."
horse,말띠,"오늘 스트레스를 과식이나 충동구매로 풀려는 충동이 생길 수 있어요. 말띠는 즉각적인 해소를 원하는 타입인데, 오늘은 그 충동이 오기 전에 짧게 움직이는 게 맞아요."
horse,말띠,"오늘 여러 방향으로 에너지가 분산되는 날이에요. 말띠는 다양한 것에 흥미를 느끼는 타입인데, 오늘은 가장 중요한 하나에만 집중하면 결과가 달라져요."
horse,말띠,"오늘 사람들 속에서 에너지가 살아나는 날이에요. 말띠는 사회적 환경에서 활기를 얻는 타입인데, 오늘은 자리를 만들어도 좋아요."
horse,말띠,"오늘 계획 없이 시작했다가 중간에 방향을 잃을 수 있어요. 말띠는 즉흥적인 타입인데, 오늘은 시작 전에 딱 하나만 목표로 정하세요."
horse,말띠,"오늘 솔직한 피드백을 주는 것이 상대에게 도움이 되는 날이에요. 말띠는 직접적인 타입인데, 오늘 그 솔직함이 상대에게 신뢰로 받아들여져요."
horse,말띠,"오늘 갑갑한 환경에서 벗어나고 싶은 욕구가 올라와요. 말띠는 자유로운 공간이 필요한 타입인데, 오늘 점심에 짧게 바깥바람을 쐬는 것만으로도 오후가 달라져요."
horse,말띠,"오늘 경쟁 상황에서 특히 에너지가 살아나는 날이에요. 말띠는 도전이 있을 때 가장 빠르게 달리는 타입인데, 오늘 그 상황을 피하지 마세요."
horse,말띠,"오늘 처음 만나는 사람과 대화가 자연스럽게 풀리는 날이에요. 말띠는 첫 만남에서 활기가 넘치는 타입인데, 오늘 그 자연스러움이 새로운 기회를 만들어요."
horse,말띠,"오늘 오래된 계획을 다시 꺼내보기 좋은 날이에요. 말띠는 새로운 아이디어에 흥미를 느끼는 타입인데, 오래된 것도 새롭게 바라보면 다른 방향이 보일 수 있어요."
horse,말띠,"오늘 중요한 결정을 빠르게 내리는 것이 맞는 날이에요. 말띠는 직감으로 움직이는 타입인데, 너무 오래 고민하면 타이밍을 놓쳐요."
horse,말띠,"오늘 혼자 있는 것보다 사람들 속에 있는 것이 기분을 올려줘요. 말띠는 사회적 에너지를 먹고 사는 타입인데, 오늘은 짧게라도 사람을 만나보세요."
horse,말띠,"오늘 달리고 싶은 충동이 강하게 올라오는 날이에요. 말띠는 몸을 쓸 때 머리도 맑아지는 타입인데, 오늘 저녁 30분 운동이 최고의 마무리예요."
horse,말띠,"오늘 너무 많은 것을 동시에 하려다 하나도 끝내지 못하는 날이에요. 말띠는 에너지가 분산되는 타입인데, 오늘은 하나씩 완료하고 다음으로 가세요."
horse,말띠,"오늘 즉흥적인 여행이나 외출 아이디어가 떠오른다면 짧게라도 실행해도 되는 날이에요. 말띠는 공간 변화가 에너지를 만드는 타입인데, 오늘 그 이동이 좋은 리셋이에요."
horse,말띠,"오늘 자신의 말이 상대에게 어떻게 들릴지 한 번만 생각하고 말하세요. 말띠는 말이 빠른 타입인데, 오늘은 표현 방식이 결과를 바꿀 수 있어요."
horse,말띠,"오늘 새로운 것을 배우기 좋은 날이에요. 말띠는 흥미가 붙으면 빠르게 흡수하는 타입인데, 오늘 배운 것이 다음 달 새로운 기술이 될 수 있어요."
horse,말띠,"오늘 피로가 쌓여도 내색 못 하는 날이에요. 말띠는 활기찬 이미지인데, 오늘은 좀 쉬고 싶다는 말을 한 번 해보세요."
horse,말띠,오늘 오래 앉아서 작업하는 것보다 서서 하거나 이동하면서 하는 방식이 더 잘 맞아요. 말띠는 정적인 자세가 집중력을 오히려 방해하는 타입이에요.
horse,말띠,"오늘 먹고 싶은 게 있다면 참지 마세요. 말띠는 식욕과 집중력이 연결된 타입인데, 배고프면 판단력이 떨어져요."
horse,말띠,"오늘 대화에서 상대의 말을 끝까지 듣는 것이 관계를 유리하게 만들어요. 말띠는 말이 빠른 타입인데, 오늘은 듣는 쪽이 더 많은 것을 얻어요."
horse,말띠,"오늘 혼자보다 팀으로 할 때 결과가 더 좋은 날이에요. 말띠는 에너지를 나눌 때 더 커지는 타입인데, 오늘 협업이 있다면 그 에너지를 활용하세요."
horse,말띠,"오늘 자유롭게 결정할 수 있는 상황에서 가장 좋은 선택이 나와요. 말띠는 자율성이 있을 때 에너지가 살아나는 타입인데, 오늘 그 자유를 잘 활용하세요."
horse,말띠,"오늘 충동적인 지출 결정은 내일 다시 보세요. 말띠는 즉각적인 만족을 좋아하는 타입인데, 오늘 카트에 담아두고 내일 확인하는 습관이 필요해요."
horse,말띠,"오늘 중간에 포기하고 싶은 순간이 와도 조금만 더 가보세요. 말띠는 시작 에너지는 넘치지만 중간이 약한 타입인데, 오늘 그 중간을 넘기면 완성이에요."
horse,말띠,"오늘 감정이 빠르게 올라왔다가 내려가는 날이에요. 말띠는 감정 변화가 빠른 타입인데, 오늘 감정이 올라왔을 때 바로 결정하지 마세요."
horse,말띠,"오늘 새로운 루틴을 시작하기 좋은 날이에요. 말띠는 새로운 것에 빠르게 흥미를 붙이는 타입인데, 오늘 시작한 루틴이 3일 지속되면 습관이 돼요."
horse,말띠,"오늘 가고 싶었던 곳을 가기 좋은 날이에요. 말띠는 공간 변화에서 에너지를 얻는 타입인데, 오늘 그 이동이 최고의 기분 전환이에요."
horse,말띠,"오늘 주변의 활기찬 에너지가 나에게도 전달되는 날이에요. 말띠는 주변 에너지에 민감한 타입인데, 오늘은 활기찬 사람들 곁에 있는 게 좋아요."
horse,말띠,오늘 짧게라도 밖에서 시간을 보내는 것이 내일을 위한 최고의 준비예요. 말띠는 자연이나 외부 공간에서 에너지가 충전되는 타입이에요.
horse,말띠,오늘 하루를 마무리할 때 내일 가장 하고 싶은 것 하나를 적어두세요. 말띠는 기대하는 것이 있으면 아침 기상이 달라지는 타입이에요.
horse,말띠,"오늘 좋아하는 사람과 짧게라도 통화하는 것이 에너지를 올려줘요. 말띠는 관계에서 활기를 얻는 타입인데, 오늘 그 연결이 기분을 전환시켜줘요."
horse,말띠,"오늘 너무 많이 생각하지 말고 일단 시작하세요. 말띠는 움직이면서 답이 나오는 타입인데, 오늘 첫 발이 모든 것을 시작시켜요."
horse,말띠,"오늘 잠들기 전 내일 기대되는 것 하나만 생각하고 자세요. 말띠는 기대감이 에너지를 만드는 타입인데, 오늘 밤 그 생각이 내일 아침을 열어줘요."
horse,말띠,"오늘 최선을 다한 하루였어요. 말띠는 오늘도 열심히 달렸는데, 이제 충분히 쉬어도 돼요. 내일 다시 달리면 돼요."
horse,말띠,"오늘 예상보다 빠르게 결과가 나오는 날이에요. 말띠의 추진력이 살아있는 날인데, 오늘 하려고 했던 것을 지금 바로 시작하세요."
horse,말띠,"오늘 여러 가지 아이디어가 떠오르는 날이에요. 말띠는 아이디어가 많은 타입인데, 오늘 그 아이디어를 빠르게 메모해두고 내일 하나를 골라보세요."
horse,말띠,"오늘 체력이 좋은 날이에요. 말띠는 몸이 따라줄 때 가장 잘 달리는 타입인데, 오늘 그 에너지를 최대한 활용하세요."
horse,말띠,"오늘 한 번 해보고 싶었던 것을 시도하기 좋은 날이에요. 말띠는 새로운 경험에서 에너지를 받는 타입인데, 오늘 그 시도가 새로운 방향을 열어줄 수 있어요."
horse,말띠,오늘 하루를 충분히 달렸으니 이제 쉬어도 돼요. 말띠는 오늘 에너지를 다 써도 내일 다시 채워지는 타입이에요. 오늘 밤 충분히 자세요.
sheep,양띠,"오늘 조용하고 평화로운 환경에서 가장 좋은 결과가 나와요. 양띠는 갈등이 있는 환경에서 에너지가 급감하는 타입인데, 오늘은 조용한 공간을 지키세요."
sheep,양띠,"오늘 창의적인 아이디어가 떠오르는 날이에요. 양띠는 감성이 풍부한 타입인데, 오늘 그 아이디어를 종이에 그리거나 써보면 구체적인 방향이 나와요."
sheep,양띠,"오늘 남의 부탁을 거절하기 어려운 날이에요. 양띠는 갈등을 피하려고 수락하는 패턴이 있는데, 오늘은 지금은 여유가 없어서요가 가장 나은 대답이에요."
sheep,양띠,"오늘 아름답고 감각적인 것들이 기분을 올려줘요. 양띠는 미적 감수성이 높은 타입인데, 오늘 좋아하는 음악이나 분위기 좋은 곳이 에너지를 채워줘요."
sheep,양띠,"오늘 먹는 것으로 스트레스를 푸는 패턴이 올라올 수 있어요. 양띠는 감각적인 위안을 찾는 타입인데, 오늘은 좋아하는 음식을 천천히 즐기는 것이 진짜 회복이에요."
sheep,양띠,"오늘 가까운 사람과의 따뜻한 대화가 에너지를 올려줘요. 양띠는 관계에서 에너지를 받는 타입인데, 오늘 짧아도 따뜻한 대화가 하루를 바꿔줘요."
sheep,양띠,"오늘 혼자 결정하기보다 신뢰하는 한 사람의 의견을 들어보세요. 양띠는 너무 많은 의견이 혼란을 주는 타입인데, 오늘 한 사람의 조언만으로 충분해요."
sheep,양띠,"오늘 세심하게 준비한 것이 상대에게 잘 전달되는 날이에요. 양띠는 배려가 자연스러운 타입인데, 오늘 그 섬세함이 빛을 발해요."
sheep,양띠,"오늘 오래 생각해오던 창의적인 프로젝트를 시작하기 좋은 날이에요. 양띠는 감성이 풍부한 타입인데, 오늘 그 첫 발이 완성의 시작이 돼요."
sheep,양띠,"오늘 자신을 위한 시간을 한 시간만 만들어보세요. 양띠는 남을 챙기다 자신을 못 챙기는 타입인데, 오늘 저녁은 자신만을 위해 쓰세요."
sheep,양띠,"오늘 예민하게 반응하게 되는 날이에요. 양띠는 감수성이 높은 타입인데, 오늘 상대의 말을 의도보다 뉘앙스로 해석하지 않도록 주의하세요."
sheep,양띠,"오늘 자신의 감각과 직관을 믿어도 되는 날이에요. 양띠는 직감이 섬세한 타입인데, 오늘 그 감각이 좋은 방향을 가리키고 있어요."
sheep,양띠,"오늘 너무 많은 사람과 만나면 저녁에 에너지가 고갈될 수 있어요. 양띠는 대인 관계에서 에너지를 쓰는 타입인데, 오늘은 만남의 수를 조절하세요."
sheep,양띠,오늘 조용한 카페나 집에서 창의적인 작업이 가장 잘 돌아가요. 양띠는 소음이 적은 환경에서 집중력이 올라가는 타입이에요.
sheep,양띠,오늘 감정이 복잡하다면 글로 쓰거나 그려보는 것이 가장 빠른 정리 방법이에요. 양띠는 표현을 통해 감정이 정리되는 타입이에요.
sheep,양띠,"오늘 혼자 먹는 식사가 의외로 좋은 충전이 돼요. 양띠는 조용한 회복 시간이 필요한 타입인데, 오늘 점심 혼자 먹는 시간을 만들어보세요."
sheep,양띠,"오늘 배려하다 내 것을 못 챙기는 날이에요. 양띠는 타인 우선 패턴이 강한 타입인데, 오늘은 내 필요를 먼저 하나 처리하고 시작하세요."
sheep,양띠,"오늘 평화로운 환경이 최고의 성과를 만들어줘요. 양띠는 조화로운 분위기에서 능력이 최대로 발휘되는 타입인데, 오늘 그 환경을 만드는 것이 중요해요."
sheep,양띠,"오늘 하고 싶은 말을 안 하고 참는 패턴이 올라올 수 있어요. 양띠는 관계를 지키려고 참는 타입인데, 오늘은 부드럽게라도 표현하는 게 관계를 더 오래 지켜요."
sheep,양띠,오늘 공감 능력이 특히 살아있어요. 힘들어 보이는 사람이 있다면 오늘 먼저 다가가세요. 양띠의 따뜻함이 오늘 가장 잘 전달되는 날이에요.
sheep,양띠,"오늘 새로운 루틴을 시작하기 좋은 날이에요. 양띠는 안정된 패턴이 생기면 능력이 올라가는 타입인데, 오늘 작은 것부터 시작해보세요."
sheep,양띠,"오늘 감사한 사람에게 짧게라도 마음을 전하기 좋은 날이에요. 양띠는 따뜻한 표현이 자연스러운 타입인데, 오늘 그 표현이 상대에게 크게 전달돼요."
sheep,양띠,"오늘 지나치게 완벽하게 하려다가 시간이 지체될 수 있어요. 양띠는 섬세한 타입이지만, 오늘은 80%에서 내보내는 게 맞아요."
sheep,양띠,"오늘 창의적인 프로젝트에 몰입하기 좋은 날이에요. 양띠는 감성이 풍부한 타입인데, 오늘 그 몰입이 예상보다 좋은 결과를 만들어요."
sheep,양띠,"오늘 자신의 감성이 강점인 날이에요. 양띠는 예술적 감각이 살아있는 타입인데, 오늘 그 감성을 표현하는 작업을 해보세요."
sheep,양띠,"오늘 부드러운 거절 연습이 필요한 날이에요. 양띠는 싫다고 말하기 어려운 타입인데, 지금은 여유가 없어서요가 오늘 가장 편한 거절 표현이에요."
sheep,양띠,"오늘 아름다운 공간에 있으면 창의력이 올라와요. 양띠는 환경이 감성에 영향을 주는 타입인데, 오늘 작업 공간을 조금 정돈해두면 집중력도 올라가요."
sheep,양띠,"오늘 음식으로 기분을 회복하려는 충동이 생겨요. 양띠는 감각적인 위안을 찾는 타입인데, 오늘은 좋아하는 음식 하나를 천천히 즐기는 게 진짜 회복이에요."
sheep,양띠,"오늘 장기적인 창의적 계획을 세우기 좋은 날이에요. 양띠는 미래를 감성적으로 그려가는 타입인데, 오늘 3개월 후 원하는 것 하나를 적어두면 방향이 생겨요."
sheep,양띠,"오늘 가까운 사람과 따뜻한 대화 한 번이 하루를 완전히 바꿔줄 수 있어요. 양띠는 관계에서 에너지를 받는 타입인데, 오늘은 짧아도 진심 있는 대화가 맞아요."
sheep,양띠,"오늘 혼자 조용히 산책하는 시간이 가장 좋은 충전이 돼요. 양띠는 자연 속에서 에너지가 회복되는 타입인데, 오늘 짧게라도 밖에서 걸어보세요."
sheep,양띠,"오늘 감정적으로 힘들다면 신뢰하는 한 사람에게 털어놓는 게 맞아요. 양띠는 혼자 삭이는 타입인데, 오늘은 꺼내놓는 것이 가장 빠른 회복이에요."
sheep,양띠,"오늘 너무 많은 것을 생각하다 정작 실행이 안 되는 날이에요. 양띠는 섬세하게 준비하는 타입인데, 오늘은 60%만 준비됐어도 시작해도 돼요."
sheep,양띠,"오늘 계획 없이 하루를 보내면 저녁에 허탈한 느낌이 들어요. 양띠는 작은 목표가 있어야 안정되는 타입인데, 오늘 딱 하나만 완료 목표로 잡아보세요."
sheep,양띠,오늘 자신이 느끼는 불편함을 무시하지 마세요. 양띠의 감수성은 섬세하게 맞아요. 오늘 그 불편함이 가리키는 방향을 한 번 따라가 보세요.
sheep,양띠,"오늘 하루를 마무리할 때 오늘 잘 챙긴 것 하나를 스스로 인정해주세요. 양띠는 남을 챙기느라 스스로를 잊는 타입인데, 오늘은 자신에게 먼저 인정을 주세요."
sheep,양띠,"오늘 집에서 좋아하는 음식을 만들어 먹는 것이 최고의 회복이에요. 양띠는 감각적 즐거움에서 에너지를 채우는 타입인데, 오늘 저녁은 그 시간으로 채워보세요."
sheep,양띠,"오늘 예민함이 창의성으로 연결되는 날이에요. 양띠는 감수성이 강점인 타입인데, 오늘 그 예민함이 좋은 아이디어나 표현으로 나올 수 있어요."
sheep,양띠,"오늘 주변의 아름다운 것들을 의식적으로 발견해보세요. 양띠는 감각이 예민한 타입인데, 오늘 그 감각이 하루를 다르게 만들어줘요."
sheep,양띠,"오늘 차분하게 시작하는 것이 하루를 안정적으로 만들어줘요. 양띠는 아침 루틴이 하루를 결정하는 타입인데, 오늘 아침 10분을 조용하게 보내면 달라져요."
sheep,양띠,오늘 너무 빨리 움직이려는 상황이 생겨도 양띠의 속도를 지키세요. 느리지만 감성적으로 가는 것이 오늘 가장 좋은 결과를 만들어요.
sheep,양띠,"오늘 직관적으로 이상하다는 느낌이 든다면 그 판단이 맞을 가능성이 높아요. 양띠는 감각이 섬세한 타입인데, 오늘 그 직감을 무시하지 마세요."
sheep,양띠,"오늘 가볍게 몸을 움직이는 것이 기분 전환에 가장 빠른 방법이에요. 양띠는 정적인 시간이 길어지면 기분이 가라앉는 타입인데, 오늘 10분 산책이 답이에요."
sheep,양띠,"오늘 주변의 아름다운 것을 보거나 먹으면 기분이 올라와요. 양띠는 미적 감수성이 기분과 직결되는 타입인데, 오늘 예쁜 카페 한 번 가보는 게 맞아요."
sheep,양띠,"오늘 상대가 내 마음을 몰라주는 것 같아 서운한 날이에요. 양띠는 감수성이 높은 타입인데, 오늘은 직접 표현해야 전달되는 날이에요. 말하지 않으면 상대는 몰라요."
sheep,양띠,"오늘 하루 마무리에 내일 딱 하나만 정해두세요. 양띠는 선택지가 많으면 불안해지는 타입인데, 내일 아침은 그 하나로 시작하면 돼요."
sheep,양띠,"오늘 자신의 창의성을 발휘하는 자리에서 가장 에너지가 살아나요. 양띠는 자신만의 감성이 특기인 타입인데, 오늘 그 자리를 만들어보세요."
sheep,양띠,"오늘 감사한 마음을 표현하기 좋은 날이에요. 양띠는 따뜻한 관계를 소중히 여기는 타입인데, 오늘 그 감사를 말로 표현해보세요."
sheep,양띠,"오늘 혼자 있는 시간이 다음 창의적인 아이디어를 만들어줘요. 양띠는 조용한 사색 시간에서 영감이 오는 타입인데, 오늘 저녁 그 시간을 만들어두세요."
sheep,양띠,"오늘 하루를 마무리하면서 오늘 느꼈던 좋은 감정 하나를 기억해두세요. 양띠는 감성이 풍부한 타입인데, 오늘 그 감정이 내일을 만드는 에너지가 돼요."
monkey,원숭이띠,"오늘 아이디어가 쏟아지는 날이에요. 원숭이띠는 창의적인 발상이 빠른 타입인데, 오늘 그 아이디어를 메모해두고 실행 가능한 것 하나를 골라보세요."
monkey,원숭이띠,"오늘 여러 개를 동시에 하려다 하나도 끝내지 못하는 날이에요. 원숭이띠는 멀티태스킹을 좋아하는 타입인데, 오늘은 하나 완료하고 다음으로 가세요."
monkey,원숭이띠,"오늘 지루한 것을 참기 어려운 날이에요. 원숭이띠는 흥미 없으면 집중이 안 되는 타입인데, 오늘 작업에 타이머를 활용해서 25분 집중 5분 쉬는 방식을 써보세요."
monkey,원숭이띠,"오늘 말실수가 생길 수 있는 날이에요. 원숭이띠는 유머 감각이 좋은 타입인데, 오늘 그 유머가 상대에게 가볍게 넘길 수 없는 말이 될 수 있어요. 전송 전에 한 번 더 읽으세요."
monkey,원숭이띠,"오늘 새로운 것을 배우기 최고로 좋은 날이에요. 원숭이띠는 학습 흡수 속도가 빠른 타입인데, 오늘 유튜브 10분짜리 하나라도 보면 내일 달라져 있을 거예요."
monkey,원숭이띠,"오늘 먹는 것으로 에너지를 채우는 날이에요. 원숭이띠는 간식을 즐기는 타입인데, 오늘 작업 중 간식 하나가 집중력을 올려줘요."
monkey,원숭이띠,"오늘 상황을 빠르게 파악하는 능력이 특히 살아있어요. 원숭이띠는 상황 적응이 빠른 타입인데, 오늘 그 능력이 팀에서 가장 빛나는 날이에요."
monkey,원숭이띠,"오늘 장기 계획보다 오늘 당장 할 수 있는 것에 집중하는 게 맞아요. 원숭이띠는 현재에 강한 타입인데, 오늘의 실행이 내일의 계획보다 더 중요해요."
monkey,원숭이띠,"오늘 충동구매가 위험한 날이에요. 원숭이띠는 흥미로운 것에 빠르게 반응하는 타입인데, 오늘 카트에 담아두고 내일 다시 보세요."
monkey,원숭이띠,"오늘 처음 만나는 사람과 대화가 자연스럽게 풀리는 날이에요. 원숭이띠는 첫 만남에서 빠르게 친해지는 타입인데, 오늘 그 자연스러움이 새로운 기회를 만들어요."
monkey,원숭이띠,"오늘 약속을 잡고 나서 후회하는 패턴이 생길 수 있어요. 원숭이띠는 즉흥적으로 수락하는 타입인데, 오늘은 수락 전에 이번 주 일정을 먼저 확인하세요."
monkey,원숭이띠,"오늘 흥미가 붙으면 빠르게 파고드는 능력이 살아있어요. 원숭이띠는 관심 분야에서 폭발적으로 흡수하는 타입인데, 오늘 그 흥미를 결과물로 연결해보세요."
monkey,원숭이띠,"오늘 중요한 결정에서 자신의 직감보다 좀 더 분석하는 게 맞아요. 원숭이띠는 빠른 판단이 강점이지만, 오늘은 30분 더 생각하면 후회가 줄어요."
monkey,원숭이띠,"오늘 사람들 속에서 에너지가 올라오는 날이에요. 원숭이띠는 사회적 자극에서 에너지를 받는 타입인데, 오늘은 자리를 만들어도 좋아요."
monkey,원숭이띠,"오늘 아이디어를 실행 계획으로 전환하는 것이 핵심이에요. 원숭이띠는 아이디어가 풍부한 타입인데, 오늘 그 아이디어를 실행 단계 3개로 쪼개보세요."
monkey,원숭이띠,"오늘 스트레스를 먹거나 게임으로 푸는 충동이 생길 수 있어요. 원숭이띠는 즉각적인 자극을 찾는 타입인데, 오늘은 그 충동 전에 10분 짧게 걷거나 스트레칭을 해보세요."
monkey,원숭이띠,"오늘 대화에서 유머가 분위기를 살리는 날이에요. 원숭이띠의 재치가 오늘 자리를 편안하게 만들어주는 날인데, 그 재치를 오늘 잘 활용하세요."
monkey,원숭이띠,"오늘 여러 선택지가 생겨도 너무 오래 고민하지 마세요. 원숭이띠는 빠른 실행이 강점인 타입인데, 오늘은 70% 판단됐으면 움직이세요."
monkey,원숭이띠,"오늘 오래된 것보다 새로운 방식을 시도하는 게 더 효과적이에요. 원숭이띠는 변화에 적응이 빠른 타입인데, 오늘 새로운 방법이 결과를 더 좋게 만들어요."
monkey,원숭이띠,"오늘 한 가지에 집중하는 것이 결과를 만드는 날이에요. 원숭이띠는 동시에 여러 개를 하려는 경향이 있는데, 오늘은 하나씩 끝내고 다음으로 가세요."
monkey,원숭이띠,"오늘 새로운 환경에서 창의력이 올라와요. 원숭이띠는 공간 변화에 즉각 반응하는 타입인데, 오늘 카페나 야외가 새로운 아이디어를 가져다줄 수 있어요."
monkey,원숭이띠,"오늘 약속을 너무 많이 하지 않는 게 맞아요. 원숭이띠는 다양한 것에 흥미를 느끼는 타입인데, 오늘 할 수 있는 것만 약속하세요."
monkey,원숭이띠,오늘 주변 사람들에게 활기를 주는 역할이 자연스럽게 생겨요. 원숭이띠의 에너지가 오늘 주변을 움직이는 날이에요.
monkey,원숭이띠,"오늘 창의적인 해결책이 막힌 문제를 풀어줄 수 있어요. 원숭이띠는 기존 방식 대신 새로운 각도를 찾는 타입인데, 오늘 그 방식이 딱 맞아요."
monkey,원숭이띠,"오늘 산만해질 수 있는 환경을 먼저 정리하세요. 원숭이띠는 자극이 많으면 집중력이 분산되는 타입인데, 오늘은 핸드폰을 뒤집어 두는 것만으로도 달라져요."
monkey,원숭이띠,"오늘 빠른 상황 판단이 팀에서 가장 도움이 되는 날이에요. 원숭이띠는 변화에 빠르게 적응하는 타입인데, 오늘 그 능력이 핵심 역할을 해요."
monkey,원숭이띠,"오늘 과거의 실수를 반복하지 않으려면 딱 하나의 다른 선택을 해보세요. 원숭이띠는 경험에서 빠르게 배우는 타입인데, 오늘 그 학습이 가장 잘 작동해요."
monkey,원숭이띠,"오늘 피로가 쌓여도 내색 못 하는 날이에요. 원숭이띠는 활기찬 이미지인데, 오늘은 좀 쉬고 싶다는 말을 한 번 해보세요."
monkey,원숭이띠,오늘 중요한 대화에서 유머로 분위기를 바꾸는 것이 맞는 날이에요. 원숭이띠의 재치가 오늘 갈등 상황을 자연스럽게 풀어줘요.
monkey,원숭이띠,"오늘 새로운 취미나 배움을 시작하기 좋은 날이에요. 원숭이띠는 새로운 것에 빠르게 흥미를 붙이는 타입인데, 오늘의 시작이 3개월 후 특기가 될 수 있어요."
monkey,원숭이띠,"오늘 자신의 강점을 활용하는 자리에 서는 게 맞아요. 원숭이띠는 빠른 적응력과 창의성이 강점인 타입인데, 오늘 그 자리가 자연스럽게 맡겨질 수 있어요."
monkey,원숭이띠,"오늘 너무 자신감 넘치다가 디테일을 놓칠 수 있어요. 원숭이띠는 빠른 타입인데, 오늘은 중요한 내용을 한 번 더 확인하세요."
monkey,원숭이띠,"오늘 좋아하는 것을 먹는 것이 가장 빠른 기분 전환이에요. 원숭이띠는 맛있는 것에서 에너지를 얻는 타입인데, 오늘 간식 하나가 집중력을 되살려줘요."
monkey,원숭이띠,"오늘 짧게라도 밖에서 시간을 보내는 것이 창의력을 올려줘요. 원숭이띠는 환경 변화에서 새로운 아이디어가 나오는 타입인데, 오늘 10분 밖에서 걷는 게 답이에요."
monkey,원숭이띠,"오늘 하루를 마무리할 때 내일 딱 하나만 정해두세요. 원숭이띠는 선택지가 많으면 흥분하는 타입인데, 내일 아침은 그 하나만 하면 돼요."
monkey,원숭이띠,"오늘 잠들기 전 핸드폰을 내려두는 것이 내일 집중력을 만들어요. 원숭이띠는 자극을 계속 찾는 타입인데, 오늘 밤 30분 오프가 내일을 바꿔줘요."
monkey,원숭이띠,"오늘 빠른 학습 능력이 새로운 기회를 만들어줘요. 원숭이띠는 흡수가 빠른 타입인데, 오늘 배운 것 하나가 다음 기회의 열쇠가 될 수 있어요."
monkey,원숭이띠,"오늘 유연하게 방향을 바꾸는 것이 맞는 날이에요. 원숭이띠는 상황 변화에 빠르게 적응하는 타입인데, 오늘 그 유연함이 가장 좋은 결과를 만들어요."
monkey,원숭이띠,"오늘 주변의 부정적인 에너지에 너무 영향 받지 마세요. 원숭이띠는 주변 분위기에 민감한 타입인데, 오늘은 자신의 리듬을 지키는 게 중요해요."
monkey,원숭이띠,"오늘 예상치 못한 재미있는 일이 생길 수 있어요. 원숭이띠는 즉흥적인 상황에서 에너지가 올라가는 타입인데, 오늘 그 상황을 즐기세요."
monkey,원숭이띠,"오늘 과거에 배운 것이 현재 문제를 푸는 데 도움이 돼요. 원숭이띠는 학습 흡수가 빠른 타입인데, 오늘 그 경험이 최고의 자원이에요."
monkey,원숭이띠,오늘 창의적인 아이디어가 중요한 결정에 영향을 줄 수 있어요. 원숭이띠의 번뜩이는 감각이 오늘 팀에서 가장 빛나는 날이에요.
monkey,원숭이띠,"오늘 하루 끝에 충분히 쉬는 것이 내일 에너지의 시작이에요. 원숭이띠는 오늘을 다 써도 되는 타입인데, 단 내일을 위해 잠은 충분히 자세요."
monkey,원숭이띠,"오늘 하루 동안 재미있었던 것 하나를 떠올리며 마무리하세요. 원숭이띠는 즐거움에서 에너지를 얻는 타입인데, 오늘의 재미가 내일의 활기를 만들어요."
monkey,원숭이띠,오늘 빠른 실행력이 경쟁에서 앞서게 해줘요. 원숭이띠의 강점이 가장 잘 맞는 날이에요. 준비됐으면 지금 바로 움직이세요.
monkey,원숭이띠,"오늘 자신만의 독창적인 방식으로 문제를 풀어보세요. 원숭이띠는 기존의 틀을 벗어나는 것이 강점인 타입인데, 오늘 그 방식이 가장 효과적이에요."
monkey,원숭이띠,"오늘 사람들에게 에너지를 주는 날이에요. 원숭이띠의 활기가 오늘 주변을 움직이는 날인데, 그 에너지를 아끼지 마세요."
monkey,원숭이띠,"오늘 너무 많이 먹지 않도록 주의하세요. 원숭이띠는 간식을 즐기는 타입인데, 오늘은 조금 절제하는 것이 오후 집중력을 지켜줘요."
monkey,원숭이띠,"오늘 자신의 아이디어를 실행으로 연결하는 하루가 되세요. 원숭이띠는 아이디어는 풍부하지만 실행이 늦은 패턴이 있는데, 오늘은 그 아이디어를 행동으로 옮기는 날이에요."
monkey,원숭이띠,"오늘 새로운 사람을 만나는 자리에서 첫 인상이 오래 남는 날이에요. 원숭이띠는 첫 만남이 자연스러운 타입인데, 오늘 그 만남이 나중에 중요한 기회가 될 수 있어요."
rooster,닭띠,"오늘 꼼꼼하게 검토하는 능력이 빛나는 날이에요. 닭띠는 디테일을 잡아내는 타입인데, 오늘 남들이 놓친 부분에서 중요한 것을 발견할 수 있어요."
rooster,닭띠,"오늘 계획대로 움직이는 것이 가장 효율적인 날이에요. 닭띠는 체계적으로 움직이는 타입인데, 오늘 아침에 오늘의 계획을 한 번 확인하고 시작하세요."
rooster,닭띠,"오늘 완벽주의가 과해지는 날이에요. 닭띠는 높은 기준을 가진 타입인데, 오늘 80%에서 멈추는 것이 오히려 더 많은 것을 해낼 수 있게 해줘요."
rooster,닭띠,"오늘 남의 실수가 특히 눈에 거슬리는 날이에요. 닭띠는 기준이 높은 타입인데, 지적하기 전에 상대가 최선을 다했는지 한 번만 생각해보세요."
rooster,닭띠,"오늘 오전 9시~11시가 집중력 피크예요. 닭띠는 오전에 디테일 작업을 처리하면 실수가 가장 줄어드는 타입인데, 중요한 업무는 오전에 몰아서 하세요."
rooster,닭띠,"오늘 외모나 복장에 신경이 쓰이는 날이에요. 닭띠는 외모에 자부심이 있는 타입인데, 오늘 조금 더 신경 쓴 모습이 자신감도 올려줘요."
rooster,닭띠,"오늘 남들 앞에서 발표하거나 의견을 말하기 좋은 날이에요. 닭띠는 준비된 상태에서 자신감 있게 말하는 타입인데, 오늘 그 자리가 자연스럽게 맡겨질 수 있어요."
rooster,닭띠,"오늘 오래 미뤄온 정리나 계획을 세우기 좋은 날이에요. 닭띠는 체계가 잡히면 에너지가 올라가는 타입인데, 오늘 그 정리가 다음 주를 편하게 만들어요."
rooster,닭띠,"오늘 먹는 것으로 스트레스를 푸는 충동이 생길 수 있어요. 닭띠는 완벽주의 스트레스가 식욕으로 이어지는 타입인데, 오늘은 먹기 전에 무엇이 불편한지 먼저 살펴보세요."
rooster,닭띠,"오늘 비판을 받으면 예민하게 반응하는 날이에요. 닭띠는 자존심이 강한 타입인데, 오늘 그 비판 안에 쓸 만한 것이 있는지 한 번만 찾아보세요."
rooster,닭띠,"오늘 규칙이나 원칙이 어긋나는 상황에 예민하게 반응할 수 있어요. 닭띠는 원칙을 중시하는 타입인데, 오늘은 그 원칙을 유연하게 가져가는 연습이 필요해요."
rooster,닭띠,"오늘 꼼꼼한 분석력이 팀에서 가장 도움이 되는 날이에요. 닭띠는 디테일에서 차이를 만드는 타입인데, 오늘 그 능력을 아끼지 마세요."
rooster,닭띠,"오늘 새로운 방식을 시도해볼 여지가 있어요. 닭띠는 검증된 방법을 선호하지만, 오늘 딱 하나만 달리 해보면 생각보다 잘 맞을 수 있어요."
rooster,닭띠,"오늘 중요한 결정은 오전에 내리세요. 닭띠는 피곤할수록 현상 유지를 선택하는 타입인데, 오전의 판단이 가장 정확해요."
rooster,닭띠,"오늘 자신의 외모나 결과물에 과한 기준을 세우지 마세요. 닭띠는 높은 기준이 강점이지만, 오늘은 그 기준이 스스로를 지치게 할 수 있어요."
rooster,닭띠,"오늘 계획을 꼼꼼하게 세우는 것이 오늘 하루를 효율적으로 만들어줘요. 닭띠는 로드맵이 있으면 안심하는 타입인데, 오늘 아침 5분 계획이 하루를 바꿔요."
rooster,닭띠,"오늘 칭찬을 받으면 더 잘하게 되는 날이에요. 닭띠는 인정받을 때 에너지가 올라가는 타입인데, 오늘 스스로에게 먼저 잘하고 있다고 말해보세요."
rooster,닭띠,오늘 디테일한 작업에서 오류를 발견하는 능력이 최고로 살아있어요. 닭띠의 꼼꼼함이 오늘 중요한 것을 지켜주는 날이에요.
rooster,닭띠,"오늘 혼자 처리하는 것이 가장 효율적인 날이에요. 닭띠는 자신의 방식대로 움직일 때 결과가 좋은 타입인데, 오늘 혼자 집중할 시간을 만들어두세요."
rooster,닭띠,"오늘 고집이 세지는 날이에요. 닭띠는 맞다고 생각하면 끝까지 가는 타입인데, 오늘은 상대 말의 50%는 맞을 수 있다는 전제로 들어보세요."
rooster,닭띠,"오늘 작업 결과물의 품질이 평소보다 높아지는 날이에요. 닭띠의 기준이 오늘 특히 잘 작동하는 날인데, 오늘 한 작업을 완성도 높게 마무리하세요."
rooster,닭띠,"오늘 남들 앞에서 솔직한 의견을 말하는 것이 신뢰를 쌓아줘요. 닭띠는 직접적인 타입인데, 오늘 그 솔직함이 오히려 좋은 평가를 받아요."
rooster,닭띠,"오늘 건강 루틴 하나를 추가하기 좋은 날이에요. 닭띠는 규칙적인 생활이 컨디션을 만드는 타입인데, 오늘 저녁 10분 스트레칭부터 시작해보세요."
rooster,닭띠,"오늘 중요한 문서나 계약은 한 번 더 꼼꼼하게 읽으세요. 닭띠는 디테일을 잡아내는 타입인데, 오늘 그 꼼꼼함이 중요한 것을 지켜줘요."
rooster,닭띠,"오늘 계획이 틀어지는 상황에서 유연하게 대응하는 연습이 필요해요. 닭띠는 계획대로 가지 않으면 불안한 타입인데, 오늘 플랜B를 미리 생각해두세요."
rooster,닭띠,"오늘 오래된 방식을 한 번 점검하기 좋은 날이에요. 닭띠는 검증된 방법을 선호하는 타입인데, 오늘 그 방식이 지금도 맞는지 확인해보면 더 나은 것이 보여요."
rooster,닭띠,"오늘 작업 중간에 한 번 멈추고 전체를 다시 보세요. 닭띠는 세부에 집중하다 큰 그림을 놓치는 패턴이 있는데, 오늘 한 발 물러서면 방향이 보여요."
rooster,닭띠,"오늘 자신의 전문성이 인정받는 자리가 생겨요. 닭띠는 전문 영역에서 가장 에너지가 살아나는 타입인데, 오늘 그 자리에서 자신 있게 나서세요."
rooster,닭띠,"오늘 자신을 위한 좋은 식사 한 끼가 에너지를 크게 올려줘요. 닭띠는 규칙적인 식사가 컨디션과 직결되는 타입인데, 오늘 밥은 제대로 챙기세요."
rooster,닭띠,"오늘 오래된 계획을 실행에 옮기기 좋은 날이에요. 닭띠는 준비가 끝나야 시작하는 타입인데, 오늘은 이미 충분히 준비됐어요."
rooster,닭띠,"오늘 자신의 기준을 타인에게도 적용하다가 관계가 힘들어질 수 있어요. 닭띠는 높은 기준이 강점이지만, 오늘은 상대의 속도도 존중해주세요."
rooster,닭띠,"오늘 규칙적인 루틴이 하루를 안정적으로 만들어줘요. 닭띠는 패턴이 잡혀야 능력이 올라가는 타입인데, 오늘 그 루틴을 지키는 게 맞아요."
rooster,닭띠,오늘 완성도 높은 작업이 좋은 평가를 받는 날이에요. 닭띠의 꼼꼼함이 오늘 결과물에서 차이를 만들어요.
rooster,닭띠,"오늘 자신이 한 것에 스스로 만족하는 시간을 가져보세요. 닭띠는 늘 더 잘하고 싶어하는 타입인데, 오늘은 이미 충분히 잘했어요."
rooster,닭띠,오늘 남들 눈에 보이지 않는 디테일에서 중요한 것을 발견할 수 있어요. 닭띠의 관찰력이 오늘 팀에서 가장 빛나는 날이에요.
rooster,닭띠,"오늘 건강에 신경 쓰는 것이 내일을 위한 최고의 투자예요. 닭띠는 건강 루틴이 있을 때 컨디션이 유지되는 타입인데, 오늘 그 루틴 하나를 지키세요."
rooster,닭띠,"오늘 자신의 직관보다 데이터를 신뢰하는 것이 맞는 날이에요. 닭띠는 분석적인 타입인데, 오늘 그 분석이 가장 정확하게 맞아요."
rooster,닭띠,"오늘 주변에서 칭찬이 들어오면 겸손하게 받아들이세요. 닭띠는 자존심이 강한 타입인데, 오늘 그 칭찬이 진심이에요."
rooster,닭띠,"오늘 자신의 전문 분야에서 중요한 인사이트가 떠오르는 날이에요. 닭띠는 깊이 있는 분석이 강점인 타입인데, 오늘 그 통찰을 기록해두세요."
rooster,닭띠,"오늘 하루를 마무리할 때 오늘 잘한 것 하나를 스스로 인정해주세요. 닭띠는 스스로 인정이 인색한 타입인데, 오늘은 그 인정을 먼저 자신에게 주세요."
rooster,닭띠,오늘 조용한 환경에서 가장 좋은 결과가 나와요. 닭띠는 외부 방해 없이 집중할 때 능력이 최대로 발휘되는 타입이에요.
rooster,닭띠,오늘 중요한 약속은 반드시 캘린더에 기록해두세요. 닭띠는 기억력이 좋지만 오늘은 확인이 필요한 날이에요.
rooster,닭띠,"오늘 오랫동안 미뤄온 것을 처리하기 좋은 날이에요. 닭띠는 시작하면 끝까지 가는 타입인데, 오늘이 그 시작점이에요."
rooster,닭띠,"오늘 집 정리 하나를 하면 기분이 올라와요. 닭띠는 공간이 정돈되어야 마음이 안정되는 타입인데, 서랍 하나만 정리해도 오늘 밤이 달라져요."
rooster,닭띠,오늘 자신의 기준대로 결과물을 완성하는 날이에요. 닭띠의 꼼꼼함이 오늘 가장 빛을 발하는 날이에요.
rooster,닭띠,오늘 남들이 놓친 것을 잡아내는 닭띠의 능력이 팀의 실수를 막아줘요. 오늘 그 역할이 중요한 날이에요.
rooster,닭띠,오늘 피곤해도 마무리를 잘 하는 닭띠의 기질이 오늘 완성도를 높여줘요.
rooster,닭띠,"오늘 하루를 효율적으로 마무리한 것에 대해 스스로 칭찬해주세요. 닭띠는 늘 더 잘하려는 타입인데, 오늘 하루 충분히 잘했어요."
rooster,닭띠,"오늘 자신만의 방식대로 가는 것이 맞는 날이에요. 닭띠는 자신의 방법이 검증되어 있는 타입인데, 오늘 그 방식을 믿고 가면 돼요."
rooster,닭띠,오늘 내일 준비를 10분만 해두면 아침이 달라져요. 닭띠는 준비된 시작이 하루를 안정적으로 만드는 타입이에요.
dog,개띠,"오늘 신뢰하는 사람에게 솔직하게 털어놓는 것이 가장 빠른 회복이에요. 개띠는 혼자 짊어지는 타입인데, 오늘 한 사람에게 꺼내놓는 것만으로 달라져요."
dog,개띠,오늘 충성스러운 개띠의 기질이 관계를 더 깊게 만들어주는 날이에요. 믿을 수 있는 사람에게 먼저 손 내밀어 보세요.
dog,개띠,"오늘 불공평하다고 느끼는 상황이 생겨요. 개띠는 정의감이 강한 타입인데, 감정이 아니라 사실 기반으로 이야기하면 오늘은 설득이 잘 돼요."
dog,개띠,"오늘 걱정이 너무 많아서 정작 실행이 안 될 수 있어요. 개띠는 걱정이 많은 타입인데, 오늘 걱정 목록을 써두고 할 수 있는 것 하나만 먼저 하세요."
dog,개띠,"오늘 주변 사람들을 보살피다가 자신을 못 챙기는 날이에요. 개띠는 타인 우선 패턴이 강한 타입인데, 오늘은 내 필요를 먼저 하나 처리하고 시작하세요."
dog,개띠,"오늘 정직하게 말하는 것이 관계를 더 강하게 만들어줘요. 개띠는 거짓말을 못 하는 타입인데, 오늘 그 정직함이 오히려 신뢰를 쌓아줘요."
dog,개띠,"오늘 오랫동안 연락 못 했던 사람에게 짧게라도 메시지를 보내기 좋은 날이에요. 개띠는 관계를 오래 유지하는 타입인데, 오늘 그 연결이 의외로 큰 기회가 돼요."
dog,개띠,"오늘 걱정이 앞서서 행동이 늦어지는 패턴이 올라와요. 개띠는 신중한 타입인데, 오늘 70% 파악됐으면 움직이는 게 맞아요."
dog,개띠,"오늘 먹는 것으로 스트레스를 푸는 충동이 생길 수 있어요. 개띠는 걱정이 많을 때 식욕으로 이어지는 타입인데, 오늘은 먹기 전에 10분 산책을 먼저 해보세요."
dog,개띠,오늘 충실하게 맡은 일을 해내는 개띠의 기질이 팀에서 가장 빛나는 날이에요. 오늘 그 신뢰감이 주변에 전달돼요.
dog,개띠,"오늘 자신의 감정을 솔직하게 표현하는 것이 관계를 더 가깝게 만들어줘요. 개띠는 감정 표현이 서툰 타입인데, 오늘 짧은 표현 하나가 큰 차이를 만들어요."
dog,개띠,"오늘 혼자 있는 시간이 에너지를 회복시켜줘요. 개띠는 조용한 시간이 필요한 타입인데, 오늘 저녁은 혼자 있는 시간을 만들어두세요."
dog,개띠,"오늘 책임감이 강하게 올라오는 날이에요. 개띠는 맡은 것을 끝까지 해내는 타입인데, 오늘 그 책임감이 주변의 신뢰를 만들어요."
dog,개띠,"오늘 주변의 문제를 내 문제처럼 느끼는 날이에요. 개띠는 공감 능력이 강한 타입인데, 오늘 그 감정이 내 것인지 상대 것인지 한 번 확인해보세요."
dog,개띠,"오늘 오래된 관계에서 따뜻한 연결이 생겨요. 개띠는 신뢰 관계를 깊게 쌓는 타입인데, 오늘 그 관계가 중요한 순간에 힘이 돼요."
dog,개띠,"오늘 걱정을 행동으로 전환하는 것이 가장 빠른 해소 방법이에요. 개띠는 걱정이 많은 타입인데, 오늘 그 걱정의 원인을 하나만 해결해보세요."
dog,개띠,"오늘 공정하게 처리해야 하는 일이 생겨요. 개띠는 공정함이 중요한 타입인데, 오늘 그 판단이 주변의 신뢰를 높여요."
dog,개띠,"오늘 자신을 위한 음식을 제대로 챙기는 것이 중요해요. 개띠는 바쁠 때 끼니를 거르는 패턴이 있는데, 오늘 식사는 꼭 챙기세요."
dog,개띠,오늘 누군가의 어려움을 발견하면 먼저 도와줄 수 있는 날이에요. 개띠의 따뜻함이 오늘 누군가에게 큰 힘이 돼요.
dog,개띠,"오늘 오래 쌓아온 신뢰가 결정적인 순간에 힘이 되는 날이에요. 개띠는 관계를 오래 쌓는 타입인데, 오늘 그 신뢰가 중요한 역할을 해요."
dog,개띠,"오늘 너무 많은 것을 혼자 해결하려다 지칠 수 있어요. 개띠는 혼자 짊어지는 타입인데, 오늘은 도움을 요청하는 것이 더 빠른 길이에요."
dog,개띠,"오늘 정직한 대화가 관계를 더 단단하게 만들어줘요. 개띠는 솔직한 타입인데, 오늘 그 솔직함이 상대에게 신뢰로 받아들여져요."
dog,개띠,"오늘 가벼운 운동이 걱정을 줄여주는 날이에요. 개띠는 몸을 움직이면 마음이 가벼워지는 타입인데, 오늘 30분 걷기가 걱정의 절반을 줄여줘요."
dog,개띠,"오늘 오래된 갈등이 해결될 수 있는 실마리가 생겨요. 개띠는 관계를 소중히 여기는 타입인데, 오늘 그 타이밍이 올 수 있어요."
dog,개띠,"오늘 자신이 옳다고 생각하는 것을 지키는 날이에요. 개띠는 원칙이 있는 타입인데, 오늘 그 원칙이 맞아요."
dog,개띠,"오늘 주변의 기대에 부응하려다 자신이 지칠 수 있어요. 개띠는 책임감이 강한 타입인데, 오늘은 자신의 컨디션도 함께 체크하세요."
dog,개띠,"오늘 신뢰할 수 있는 한 사람과 깊은 대화를 나누기 좋은 날이에요. 개띠는 깊은 관계를 선호하는 타입인데, 오늘 그 대화가 큰 위로가 돼요."
dog,개띠,"오늘 꾸준함이 오늘 결과를 만들어내는 날이에요. 개띠는 포기하지 않는 타입인데, 오늘 그 꾸준함이 드디어 보이기 시작하는 날이에요."
dog,개띠,"오늘 자신의 페이스를 지키는 것이 중요해요. 개띠는 외부 압박에 예민한 타입인데, 오늘 자신의 속도를 지키는 것이 가장 좋은 선택이에요."
dog,개띠,"오늘 가까운 사람에게 고마운 마음을 표현하기 좋은 날이에요. 개띠는 따뜻한 관계를 소중히 여기는 타입인데, 오늘 그 표현이 관계를 더 깊게 만들어요."
dog,개띠,"오늘 걱정보다 행동이 앞서는 날이에요. 개띠는 걱정이 행동을 막는 타입인데, 오늘은 걱정을 잠깐 옆에 두고 먼저 시작해보세요."
dog,개띠,오늘 누군가의 든든한 지원자가 되는 날이에요. 개띠의 충직함이 오늘 주변 사람들에게 큰 힘이 돼요.
dog,개띠,"오늘 오래 참아온 것을 표현하기 좋은 날이에요. 개띠는 참는 타입인데, 오늘 조용하고 단호하게 말하면 상대가 잘 받아들여요."
dog,개띠,"오늘 자신을 위한 시간을 만들어두세요. 개띠는 남을 먼저 챙기는 타입인데, 오늘 저녁 한 시간은 자신만을 위해 쓰세요."
dog,개띠,"오늘 해결하기 어려운 것은 내일로 미루어도 괜찮아요. 개띠는 모든 것을 해결하려는 타입인데, 오늘 할 수 있는 것만 하는 것으로도 충분해요."
dog,개띠,"오늘 하루 동안 옆에 있어준 사람에게 감사를 표현해보세요. 개띠는 관계를 소중히 여기는 타입인데, 오늘 그 표현이 내일의 더 깊은 관계를 만들어요."
dog,개띠,"오늘 자신의 가치관이 흔들리는 상황이 생겨도 중심을 잡을 수 있는 날이에요. 개띠는 원칙이 있는 타입인데, 오늘 그 중심이 맞아요."
dog,개띠,"오늘 타인의 어려움을 공감하는 능력이 특히 살아있어요. 개띠는 공감 능력이 강한 타입인데, 오늘 그 공감이 주변에 큰 위로가 돼요."
dog,개띠,"오늘 먹는 것을 제대로 챙기는 것이 컨디션을 지켜줘요. 개띠는 바쁘면 끼니를 거르는 타입인데, 오늘은 식사를 꼭 챙기세요."
dog,개띠,"오늘 자신이 믿는 것을 지키는 용기가 필요한 날이에요. 개띠는 정의감이 강한 타입인데, 오늘 그 용기가 맞아요."
dog,개띠,"오늘 하루를 마무리하면서 오늘 도움을 준 것에 대해 스스로 칭찬해주세요. 개띠는 항상 주는 타입인데, 오늘 그 마음에 스스로 감사해주세요."
dog,개띠,"오늘 충분히 쉬는 것이 내일의 에너지를 만들어요. 개띠는 책임감이 강해서 쉬기 어려운 타입인데, 오늘 밤은 충분히 자도 돼요."
dog,개띠,"오늘 가장 신뢰하는 사람과 시간을 보내는 것이 최고의 충전이에요. 개띠는 신뢰 관계에서 에너지를 받는 타입인데, 오늘 그 시간이 내일을 만들어줘요."
dog,개띠,"오늘 남들의 기대에 맞추기보다 자신이 옳다고 생각하는 방향으로 가도 되는 날이에요. 개띠는 원칙이 있는 타입인데, 오늘 그 방향이 맞아요."
dog,개띠,"오늘 하루 마무리에 내일 딱 하나만 정해두세요. 개띠는 걱정이 많은 타입인데, 내일 아침은 그 하나만 하면 된다고 생각하면 오늘 밤이 가벼워져요."
dog,개띠,"오늘 조용하고 안정적인 환경에서 집중력이 올라가요. 개띠는 평화로운 환경에서 능력이 최대로 발휘되는 타입인데, 오늘 그 환경을 만들어두세요."
dog,개띠,"오늘 신뢰를 쌓아온 관계에서 중요한 도움이 올 수 있어요. 개띠는 오래된 관계를 소중히 여기는 타입인데, 오늘 그 관계가 결정적인 순간에 힘이 돼요."
dog,개띠,"오늘 걱정을 행동으로 바꾸는 것이 가장 빠른 해소 방법이에요. 개띠는 걱정이 많은 타입인데, 오늘 그 에너지를 실행으로 전환하세요."
dog,개띠,"오늘 자신의 감정을 솔직하게 표현해도 괜찮은 날이에요. 개띠는 감정 표현이 서툰 타입인데, 오늘 한 마디가 관계를 더 깊게 만들어줘요."
pig,돼지띠,"오늘 먹는 것으로 스트레스를 푸는 패턴이 올라올 수 있어요. 돼지띠는 먹는 것에서 행복을 찾는 타입인데, 오늘은 좋아하는 것을 천천히 즐기되 과하지 않게 하세요."
pig,돼지띠,"오늘 넉넉한 마음으로 주변을 대하는 것이 관계를 좋게 만들어줘요. 돼지띠는 베푸는 것이 자연스러운 타입인데, 오늘 그 마음이 주변을 따뜻하게 해줘요."
pig,돼지띠,"오늘 너무 많이 퍼주다가 정작 자신이 비어있는 날이에요. 돼지띠는 타인 우선인 타입인데, 오늘은 내 것을 먼저 챙기고 나서 주변을 돌보세요."
pig,돼지띠,"오늘 좋아하는 음식을 제대로 즐기는 것이 가장 좋은 에너지 충전이에요. 돼지띠는 맛있는 것에서 진짜 행복을 찾는 타입인데, 오늘 그 시간을 만들어두세요."
pig,돼지띠,"오늘 순진하게 믿었다가 손해를 볼 수 있는 상황이 생겨요. 돼지띠는 사람을 잘 믿는 타입인데, 오늘 중요한 결정에서는 계약서나 확인을 한 번 더 하세요."
pig,돼지띠,"오늘 쇼핑이나 지출 충동이 강하게 올라와요. 돼지띠는 즐거움에 돈을 쓰는 타입인데, 오늘 결제 전 이번 달 남은 예산을 한 번 확인하세요."
pig,돼지띠,"오늘 평화롭고 여유로운 하루를 보낼 수 있는 날이에요. 돼지띠는 여유로운 분위기에서 에너지가 살아나는 타입인데, 오늘 그 여유를 충분히 즐기세요."
pig,돼지띠,"오늘 가까운 사람들과 맛있는 것을 나눠 먹는 것이 최고의 기분 전환이에요. 돼지띠는 함께 먹는 것에서 행복을 느끼는 타입인데, 오늘 그 자리를 만들어보세요."
pig,돼지띠,"오늘 감사한 마음이 자연스럽게 올라오는 날이에요. 돼지띠는 긍정적인 감정이 풍부한 타입인데, 오늘 그 감사를 표현해보세요."
pig,돼지띠,"오늘 너무 낙관적으로 생각하다가 중요한 것을 놓칠 수 있어요. 돼지띠는 긍정적인 타입인데, 오늘 중요한 결정에서는 현실적인 체크를 한 번 더 하세요."
pig,돼지띠,"오늘 집에서 좋아하는 음식을 만들어 먹는 것이 최고의 회복이에요. 돼지띠는 집에서 먹는 것에서 진짜 행복을 찾는 타입인데, 오늘 저녁은 그 시간으로 채워보세요."
pig,돼지띠,오늘 친구나 가족과 함께 시간을 보내는 것이 에너지를 올려줘요. 돼지띠는 사랑하는 사람들과 함께 있을 때 가장 빛나는 타입이에요.
pig,돼지띠,"오늘 과식 충동이 생기면 먼저 물 한 잔을 마셔보세요. 돼지띠는 먹는 것으로 감정을 해소하는 타입인데, 오늘은 그 충동이 오기 전에 수분 먼저 채우는 게 맞아요."
pig,돼지띠,"오늘 새로운 음식이나 맛집을 발견하기 좋은 날이에요. 돼지띠는 먹는 것에서 탐험하는 즐거움을 찾는 타입인데, 오늘 새로운 음식 하나를 시도해보세요."
pig,돼지띠,"오늘 베풀고 싶은 마음이 강하게 올라오는 날이에요. 돼지띠는 나누는 것이 행복인 타입인데, 오늘 그 마음을 작은 것으로 표현해도 충분해요."
pig,돼지띠,"오늘 충동적인 결정이 나중에 후회가 될 수 있어요. 돼지띠는 즉흥적인 즐거움을 좋아하는 타입인데, 오늘 중요한 결정은 하루만 더 생각해보세요."
pig,돼지띠,"오늘 평화로운 분위기에서 창의적인 아이디어가 나와요. 돼지띠는 여유로운 환경에서 능력이 올라가는 타입인데, 오늘 조용한 시간이 좋은 아이디어를 만들어줘요."
pig,돼지띠,"오늘 맛있는 것을 먹으면서 중요한 결정을 내리는 것이 의외로 잘 맞아요. 돼지띠는 편안한 상태에서 판단력이 올라가는 타입인데, 오늘 좋아하는 음식과 함께 생각해보세요."
pig,돼지띠,"오늘 자신을 위한 좋은 것을 하나 허락해도 되는 날이에요. 돼지띠는 자신을 위한 즐거움을 죄책감 없이 즐겨도 되는 타입인데, 오늘 그 선물을 스스로에게 주세요."
pig,돼지띠,"오늘 지출 계획을 세우는 것이 다음 달을 편하게 만들어줘요. 돼지띠는 즐거움에 돈을 쓰는 타입인데, 오늘 이번 달 지출을 한 번 정리해두세요."
pig,돼지띠,오늘 주변의 어려움을 보살피는 마음이 강하게 올라오는 날이에요. 돼지띠의 따뜻한 마음이 오늘 누군가에게 큰 위로가 돼요.
pig,돼지띠,"오늘 오랫동안 하고 싶었던 맛집 탐방이나 음식 경험을 하기 좋은 날이에요. 돼지띠는 먹는 것에서 진짜 행복을 찾는 타입인데, 오늘 그 경험이 좋은 에너지가 돼요."
pig,돼지띠,"오늘 자신이 좋아하는 것에 시간을 쓰는 것이 가장 좋은 자기 관리예요. 돼지띠는 즐거움에서 에너지를 찾는 타입인데, 오늘 그 시간을 만들어두세요."
pig,돼지띠,"오늘 관대한 마음이 관계를 더 깊게 만들어줘요. 돼지띠는 넉넉한 타입인데, 오늘 그 관대함이 주변에 좋은 영향을 줘요."
pig,돼지띠,"오늘 과식으로 몸이 무거워지지 않도록 주의하세요. 돼지띠는 먹는 것에 즐거움을 느끼는 타입인데, 오늘 조금 절제하는 것이 오후 컨디션을 지켜줘요."
pig,돼지띠,"오늘 진심 어린 배려가 상대에게 크게 전달되는 날이에요. 돼지띠의 따뜻함이 오늘 특히 잘 전달되는 날인데, 오늘 그 마음을 표현해보세요."
pig,돼지띠,"오늘 자신에게 너무 엄격하지 않아도 되는 날이에요. 돼지띠는 긍정적인 타입인데, 오늘은 조금 부족해도 괜찮다고 스스로에게 말해주세요."
pig,돼지띠,오늘 가족이나 가까운 사람들과 시간을 보내는 것이 최고의 충전이에요. 돼지띠는 사랑하는 사람들과 함께 있을 때 에너지가 올라가는 타입이에요.
pig,돼지띠,"오늘 새로운 경험을 하기 좋은 날이에요. 돼지띠는 긍정적으로 새로운 것을 받아들이는 타입인데, 오늘 작은 새로운 경험이 좋은 기억이 돼요."
pig,돼지띠,"오늘 너무 많은 것을 퍼주다가 지칠 수 있어요. 돼지띠는 베푸는 것이 자연스러운 타입인데, 오늘은 자신의 에너지를 먼저 확인하고 나서 주세요."
pig,돼지띠,"오늘 맛있는 것을 천천히 즐기는 것이 스트레스 해소에 가장 좋은 방법이에요. 돼지띠는 먹는 것에서 행복을 찾는 타입인데, 오늘 그 시간을 충분히 가져보세요."
pig,돼지띠,"오늘 낙관적인 시각이 문제를 쉽게 풀어줘요. 돼지띠는 긍정적인 타입인데, 오늘 그 긍정 에너지가 어려운 상황을 가볍게 만들어줘요."
pig,돼지띠,"오늘 자신이 행복할 때 주변도 행복해지는 날이에요. 돼지띠는 자신의 행복을 나누는 타입인데, 오늘 먼저 자신이 행복해지는 것에 집중하세요."
pig,돼지띠,"오늘 즐거운 것을 기억하는 능력이 하루를 밝게 만들어줘요. 돼지띠는 긍정적인 기억을 잘 간직하는 타입인데, 오늘 작은 즐거움도 소중히 여기세요."
pig,돼지띠,"오늘 먹는 것으로 보상을 주려는 충동이 생기는 날이에요. 돼지띠는 음식이 보상인 타입인데, 오늘은 그 보상을 줘도 되는 날이에요. 단 천천히 즐기세요."
pig,돼지띠,오늘 주변에 따뜻한 에너지를 주는 역할이 자연스럽게 생겨요. 돼지띠의 넉넉함이 오늘 주변을 따뜻하게 만드는 날이에요.
pig,돼지띠,"오늘 과소비 위험이 있어요. 돼지띠는 즐거움에 돈을 쓰는 타입인데, 오늘 카드 대신 현금으로 가져가는 것이 지출 조절에 도움이 돼요."
pig,돼지띠,"오늘 자신의 감수성이 창의적인 아이디어로 연결되는 날이에요. 돼지띠는 풍부한 감성이 있는 타입인데, 오늘 그 감성이 좋은 표현으로 나올 수 있어요."
pig,돼지띠,"오늘 오래된 친구에게 연락하기 좋은 날이에요. 돼지띠는 인연을 소중히 여기는 타입인데, 오늘 그 연결이 따뜻한 기억을 만들어줘요."
pig,돼지띠,"오늘 건강을 위해 한 가지 좋은 선택을 해보세요. 돼지띠는 즐거움을 좋아하는 타입인데, 오늘 맛있는 것과 함께 건강한 것도 하나 추가해보세요."
pig,돼지띠,"오늘 자신이 즐거운 것을 할 때 가장 에너지가 살아나는 날이에요. 돼지띠는 즐거움이 동기부여인 타입인데, 오늘 즐거운 것부터 시작하면 나머지도 잘 돼요."
pig,돼지띠,"오늘 타인의 부탁을 거절하기 어려운 날이에요. 돼지띠는 거절을 어려워하는 타입인데, 오늘 지금은 여유가 없어서요가 가장 나은 대답이에요."
pig,돼지띠,"오늘 맛있는 점심 한 끼가 오후를 완전히 바꿔줄 수 있어요. 돼지띠는 먹는 것이 에너지와 직결되는 타입인데, 오늘 점심은 편의점 대신 제대로 된 한 끼가 맞아요."
pig,돼지띠,"오늘 긍정적인 마음이 어려운 상황을 헤쳐나가게 해줘요. 돼지띠는 낙관적인 타입인데, 오늘 그 긍정이 가장 강력한 무기예요."
pig,돼지띠,"오늘 자신이 원하는 것을 솔직하게 말하는 것이 관계를 더 편하게 만들어줘요. 돼지띠는 솔직한 타입인데, 오늘 그 솔직함이 주변을 더 편하게 해줘요."
pig,돼지띠,"오늘 좋아하는 사람들과 함께 있는 것이 최고의 에너지예요. 돼지띠는 함께하는 즐거움에서 에너지를 얻는 타입인데, 오늘 그 시간을 소중히 여기세요."
pig,돼지띠,"오늘 하루 마무리에 오늘 즐거웠던 것 하나를 기억해두세요. 돼지띠는 긍정적인 기억이 내일 에너지를 만드는 타입인데, 오늘 그 기억이 내일을 시작하는 힘이 돼요."
pig,돼지띠,"오늘 자신에게 충분히 잘했다고 말해주세요. 돼지띠는 긍정적인 타입인데, 오늘 스스로에게 그 말이 필요한 날이에요."
pig,돼지띠,"오늘 하루를 즐겁게 마무리하는 것이 내일을 밝게 시작하는 방법이에요. 돼지띠는 즐거움에서 에너지를 찾는 타입인데, 오늘 저녁 좋아하는 것으로 마무리하세요."
pig,돼지띠,"오늘 넉넉하게 베풀고 나서 자신도 충전하는 시간을 만들어두세요. 돼지띠는 주는 것이 자연스러운 타입인데, 오늘 주고 나서 나를 위한 시간도 꼭 챙기세요."
ox,소띠,"오늘 하루를 되돌아보며 스스로에게 수고했다고 말해주세요. 소띠는 묵묵히 해내는 타입인데, 오늘 그 노력이 단단하게 쌓이고 있어요."
tiger,호랑이띠,오늘 하루를 충분히 달렸으니 이제 쉬어도 돼요. 호랑이띠는 에너지를 다 써도 내일 다시 채워지는 타입이에요. 오늘 밤 충분히 자세요.
rabbit,토끼띠,오늘 하루를 마무리하며 내일 딱 하나만 정해두세요. 토끼띠는 작은 목표가 내일 아침을 안정적으로 시작하게 만들어주는 타입이에요.
dragon,용띠,"오늘 하루를 마무리할 때 내일 기대되는 것 하나만 생각하고 자세요. 용띠는 기대감이 에너지를 만드는 타입인데, 내일 아침이 달라져요."
snake,뱀띠,"오늘 하루 마무리에 가장 좋았던 감각 하나를 기억해두세요. 뱀띠는 감각에서 에너지를 충전하는 타입인데, 그 기억이 내일을 시작하는 힘이 돼요."
horse,말띠,오늘 하루도 열심히 달렸어요. 말띠는 오늘 에너지를 다 써도 내일 다시 채워지는 타입이에요. 오늘 밤 충분히 쉬세요.
dog,개띠,오늘 하루를 마무리하며 내일 기대되는 것 하나를 떠올려보세요. 개띠는 내일을 위한 작은 기대가 오늘 밤을 가볍게 만들어주는 타입이에요.
