animal_zodiac,kr,emoji,headline,upper,mid,lower,lucky_color,lucky_number,lucky_place,avoid,sympathy
rat,쥐띠,🐭,"🐭 쥐띠 이번 달은 ""정보가 돈이 되는 달""입니다.
작은 대화 하나가 예상 밖의 기회로 이어질 수 있어요.","📡 정보가 쏟아지는 시기입니다.
뉴스·대화·SNS에서 놓치면 아까운
힌트가 들어올 수 있어요.
메모 습관이 이달 상순의 핵심입니다.","📩 오래 끊겼던 사람에게 연락이 오거나
우연한 만남이 이어질 가능성이 있습니다.
가볍게 넘긴 대화가 의외의 기회가 됩니다.","📈 이달에 심은 것이
결실을 맺기 시작하는 시기입니다.
조금만 더 인내하면 됩니다.",딥블루·실버,3·7,도서관·카페·IT 공간,정보 없이 내리는 결정,"요즘 머릿속이 너무 복잡하게 돌아간다는 느낌이 드는 쥐띠라면,
이번 달 후반부터 정리되기 시작합니다."
rat,쥐띠,🐭,"🐭 쥐띠 이번 달은 ""빠르게 움직이는 자가 이기는 달""입니다.
타이밍을 놓치지 마세요.","💡 새로운 아이디어가 떠오르는 시기.
단, 혼자 담아두지 말고
바로 실행하거나 기록하세요.
생각은 빠르게 사라집니다.","🏢 직장·사업에서 중요한 전환점이
될 수 있는 시기입니다.
준비가 필요하면 중순이 골든타임입니다.","🔄 다음 달을 준비하는 시기입니다.
이달의 경험을 정리하고
다음 행동을 계획하세요.",딥블루·실버,3·7,도서관·카페·IT 공간,정보 없이 내리는 결정,"아이디어는 있는데 실행이 안 되는 것 같다는 쥐띠라면,
이번 달 중순이 가장 좋은 타이밍입니다."
rat,쥐띠,🐭,"🐭 쥐띠 이번 달은 ""숨어있던 기회가 드러나는 달""입니다.
주변을 다시 한번 살펴보세요.","🤝 인맥이 움직이기 시작하는 시기입니다.
오래된 연락처를 열어볼 이유가
자연스럽게 생길 수 있어요.","💰 금전 관련 결정이 필요한 시기입니다.
충동적인 판단보다
데이터 기반 선택이 유리합니다.","💡 새로운 아이디어가
떠오르는 시기입니다.
다음 달에 쓸 씨앗을 심는 때입니다.",딥블루·실버,3·7,도서관·카페·IT 공간,정보 없이 내리는 결정,"주변에 도움이 필요한데 말하기 어렵다는 쥐띠라면,
이번 달은 먼저 손 내밀어도 됩니다."
rat,쥐띠,🐭,"🐭 쥐띠 이번 달은 ""네트워크가 힘이 되는 달""입니다.
연락을 먼저 하는 쪽이 유리합니다.","🔍 숨어있던 기회가 보이기 시작합니다.
너무 크게 보려 하지 말고
작은 단서부터 따라가 보세요.","🔄 상황이 바뀌기 시작하는 시기.
변화를 거부하지 말고
흐름을 먼저 읽어보세요.","🤝 이달 맺어진 인연이
하순에 더 깊어집니다.
관계를 소중히 마무리하세요.",딥블루·실버,3·7,도서관·카페·IT 공간,정보 없이 내리는 결정,"기회가 왔는데 타이밍을 놓친 것 같다는 쥐띠라면,
아직 늦지 않았습니다. 이번 달 중순까지 기회가 있어요."
rat,쥐띠,🐭,"🐭 쥐띠 이번 달은 ""준비한 것이 결실을 맺는 달""입니다.
조용히 쌓아온 것들이 빛납니다.","📊 분석력이 극대화되는 시기입니다.
중요한 결정이 있다면
상순에 정보를 모으고
중순에 실행하는 전략이 맞습니다.","🎯 목표에 가장 가까이 다가가는 때입니다.
집중력이 최고조에 달하는 시기예요.","🎯 마무리가 중요한 시기입니다.
끝을 잘 내야
다음 달 시작이 좋습니다.",딥블루·실버,3·7,도서관·카페·IT 공간,정보 없이 내리는 결정,"뭔가 불안하고 확신이 없다는 쥐띠라면,
이번 달 정보를 더 모으면 자연스럽게 방향이 보입니다."
ox,소띠,🐮,"🐮 소띠 이번 달은 ""묵묵함이 빛을 발하는 달""입니다.
말보다 행동이 앞서는 흐름입니다.","🔨 묵묵히 해온 일이
조금씩 눈에 띄기 시작하는 시기입니다.
인정받는 느낌이 들기 시작해요.","🔄 변화가 필요한 부분이
보이기 시작하는 시기입니다.
한 가지만 바꿔보세요.","🌾 노력한 것들이 조금씩
결실로 돌아오기 시작합니다.
마무리를 잘 짓는 것이 중요합니다.",브라운·카키,2·8,자연·공원·조용한 카페,갑작스러운 계획 변경,"요즘 열심히 하고 있는데 인정받지 못하는 것 같다는 소띠라면,
이번 달 후반부터 달라집니다."
ox,소띠,🐮,"🐮 소띠 이번 달은 ""버텨온 것이 보상받는 달""입니다.
포기하지 않은 것들이 드러납니다.","🏗️ 기초를 다지는 시기입니다.
화려하지 않아도 됩니다.
단단하게 쌓는 것이 이달의 전략입니다.","💬 중요한 대화가 필요한 타이밍입니다.
감정보다 사실 중심으로
차분하게 이야기하는 것이 중요합니다.","🔄 다음 달을 위한 준비를
시작하기 좋은 시기입니다.
계획을 세우고 에너지를 비축하세요.",브라운·카키,2·8,자연·공원·조용한 카페,갑작스러운 계획 변경,"변화가 두렵고 지금 자리를 지키고 싶다는 소띠라면,
그 안정감이 이번 달 가장 큰 힘이 됩니다."
ox,소띠,🐮,"🐮 소띠 이번 달은 ""안정이 곧 전략인 달""입니다.
서두르지 않는 것이 가장 현명합니다.","📋 계획한 것을 하나씩 실행하기
좋은 타이밍입니다.
순서대로 해나가면 흐름이 생깁니다.","💼 안정적인 흐름 속에서
한 단계 올라설 기회가 옵니다.
놓치지 말고 준비하세요.","💼 직장·일에서 안정적인
마무리를 짓는 시기입니다.
꼼꼼하게 끝을 내세요.",브라운·카키,2·8,자연·공원·조용한 카페,갑작스러운 계획 변경,"천천히 가고 있는 게 맞는 건지 불안하다는 소띠라면,
방향이 맞으면 속도는 문제가 아닙니다."
ox,소띠,🐮,"🐮 소띠 이번 달은 ""신뢰가 재산이 되는 달""입니다.
꾸준함이 관계를 단단하게 만듭니다.","💼 직장·일 관련 안정감이
높아지는 시기입니다.
변화보다 유지 쪽에 에너지를 쓰세요.","🌿 체력 관리가 중요한 시기입니다.
과로하지 않도록 주의하고
수면과 식사를 챙기세요.","🌿 체력을 회복하는 시기입니다.
이달의 피로를 털고
다음 달을 위해 충전하세요.",브라운·카키,2·8,자연·공원·조용한 카페,갑작스러운 계획 변경,"말없이 해왔는데 아무도 모르는 것 같다는 소띠라면,
이번 달 중순부터 보이기 시작합니다."
ox,소띠,🐮,"🐮 소띠 이번 달은 ""느리지만 확실한 달""입니다.
천천히 가도 방향이 맞으면 됩니다.","🌱 작게 시작한 것들이
천천히 자라고 있습니다.
조급해하지 않는 것이 중요합니다.","📈 금전운이 서서히 상승하는 때입니다.
무리한 투자보다 안정적 선택이 맞아요.","📋 이달 한 일을 정리하고
평가하는 시기입니다.
잘한 것 하나를 스스로 인정해주세요.",브라운·카키,2·8,자연·공원·조용한 카페,갑작스러운 계획 변경,"지쳐서 쉬고 싶은데 쉬면 안 될 것 같다는 소띠라면,
이번 달은 쉬는 것도 전략입니다."
tiger,호랑이띠,🐯,"🐯 호랑이띠 이번 달은 ""도전이 통하는 달""입니다.
먼저 나서는 쪽에 기운이 실립니다.","⚡ 에너지가 폭발하는 시기입니다.
행동하고 싶은 충동이 강해지는데
방향을 먼저 정하고 움직이세요.","⚔️ 가장 중요한 승부수를
던져야 하는 시기입니다.
중순이 결정적 타이밍입니다.","🏆 이달의 도전이
결실을 맺는 시기입니다.
포기하지 않은 것이 빛납니다.",레드·골드,1·9,헬스장·야외·새로운 장소,충동적인 큰 결정,"요즘 에너지가 넘치는데 쏟을 곳이 없다는 호랑이띠라면,
이번 달이 그 에너지를 쓸 때입니다."
tiger,호랑이띠,🐯,"🐯 호랑이띠 이번 달은 ""에너지를 제대로 쓰는 달""입니다.
방향만 잡으면 빠르게 나아갑니다.","🏹 도전을 시작하기 좋은 타이밍입니다.
첫 번째 행동이 이달의
흐름 전체를 결정할 수 있어요.","🤝 협력자나 지지자가
나타나는 시기입니다.
혼자 하려 하지 말고 손을 잡으세요.","🔥 마지막 불꽃을 태우는 때입니다.
하순까지 에너지를 유지하면
좋은 결과가 옵니다.",레드·골드,1·9,헬스장·야외·새로운 장소,충동적인 큰 결정,"빠르게 나아가고 싶은데 주변이 따라오지 않는 것 같은 호랑이띠라면,
이번 달 혼자 먼저 치고 나가도 됩니다."
tiger,호랑이띠,🐯,"🐯 호랑이띠 이번 달은 ""결단이 빛나는 달""입니다.
망설이는 순간이 가장 비싼 시간입니다.","🔥 열정이 살아나는 시기입니다.
오래 미뤄둔 것을 꺼내기에
지금이 딱 맞는 때입니다.","💡 창의적인 아이디어가
실제 결과로 이어지는 때입니다.
실행에 집중하세요.","🎯 마무리가 이달의 승패를 가릅니다.
끝까지 집중력을 유지하세요.",레드·골드,1·9,헬스장·야외·새로운 장소,충동적인 큰 결정,"도전하고 싶은데 실패가 두렵다는 호랑이띠라면,
이번 달은 실패해도 빠르게 회복되는 흐름입니다."
tiger,호랑이띠,🐯,"🐯 호랑이띠 이번 달은 ""한 방이 통하는 달""입니다.
단 타이밍을 한 번만 더 확인하세요.","💪 자신감이 올라오는 시기.
평소보다 적극적으로 나서는 것이
유리한 결과를 만듭니다.","🏆 경쟁에서 앞서 나가는 시기입니다.
자신감을 가지고 밀어붙이면 됩니다.","💡 다음 도전을 위한
아이디어가 떠오르는 시기입니다.
메모해두세요.",레드·골드,1·9,헬스장·야외·새로운 장소,충동적인 큰 결정,"억울한 일이 있었던 호랑이띠라면,
이번 달 그 억울함이 풀리기 시작합니다."
tiger,호랑이띠,🐯,"🐯 호랑이띠 이번 달은 ""추진력이 무기인 달""입니다.
생각보다 일찍 결과가 나올 수 있어요.","🚀 빠른 판단이 통하는 시기입니다.
망설이는 시간이 가장 비쌉니다.
일단 해보는 것이 맞습니다.","🔥 에너지가 최고조에 달하는 시기.
이 기세를 유지하되
과소비에 주의하세요.","🤝 이달 함께한 사람들에게
감사를 표하기 좋은 때입니다.
관계의 마무리가 다음 시작을 만듭니다.",레드·골드,1·9,헬스장·야외·새로운 장소,충동적인 큰 결정,"뭔가 크게 한 방 치고 싶다는 호랑이띠라면,
이번 달 중순이 가장 좋은 타이밍입니다."
rabbit,토끼띠,🐰,"🐰 토끼띠 이번 달은 ""관계가 복이 되는 달""입니다.
가까운 사람이 뜻밖의 도움을 줍니다.","🌸 주변 사람과의 관계가
자연스럽게 깊어지는 시기입니다.
가볍게 건넨 말이 오래 남을 수 있어요.","📩 오래 끊겼던 사람에게
연락이 오거나 우연한 만남이
이어질 가능성이 있습니다.
가볍게 넘긴 대화가 기회가 될 수 있어요.","🌙 감성이 더 깊어지는 시기입니다.
혼자만의 시간을 통해
내면을 들여다보세요.",라벤더·민트,4·6,카페·꽃집·감성 공간,무리한 약속 남발,"요즘 괜히 지치고 귀찮았던 토끼띠라면,
이번 달 후반부터 분위기가 조금씩 바뀌는 느낌을 받습니다."
rabbit,토끼띠,🐰,"🐰 토끼띠 이번 달은 ""부드러움이 이기는 달""입니다.
강하게 밀기보다 스며드는 전략이 맞습니다.","🎨 감성이 예민하게 살아나는 시기.
평소 미뤄두었던 취미나
아이디어가 갑자기 주목받을 수 있어요.","💕 감정이 깊어지는 시기입니다.
좋아하는 감정을 표현하기
좋은 타이밍입니다.","💌 마음에 담아둔 것을
표현하기 좋은 타이밍입니다.
하순이 지나면 기회가 줄어들 수 있어요.",라벤더·민트,4·6,카페·꽃집·감성 공간,무리한 약속 남발,"누군가에게 상처받아 마음을 닫고 있는 토끼띠라면,
이번 달 관계 회복의 실마리가 생깁니다."
rabbit,토끼띠,🐰,"🐰 토끼띠 이번 달은 ""감수성이 재능이 되는 달""입니다.
느끼는 것을 표현하면 공감을 얻습니다.","🍵 여유 있는 분위기 속에서
좋은 만남이 생길 수 있습니다.
억지로 만들지 않아도 흘러옵니다.","🌸 창작·표현 활동이
잘 풀리는 시기입니다.
글·그림·사진 무엇이든 꺼내보세요.","🏠 가족·가까운 사람과
따뜻하게 마무리하는 시기입니다.
소소한 것들이 기억에 오래 남습니다.",라벤더·민트,4·6,카페·꽃집·감성 공간,무리한 약속 남발,"하고 싶은 것이 있는데 용기가 안 난다는 토끼띠라면,
이번 달 중순이 시작하기 딱 맞는 타이밍입니다."
rabbit,토끼띠,🐰,"🐰 토끼띠 이번 달은 ""쉬어가도 앞서는 달""입니다.
무리하지 않는 것이 가장 빠른 길입니다.","💌 소소한 연락이 큰 인연으로
이어지는 시기입니다.
먼저 안부를 묻는 쪽이 유리합니다.","🏠 가족·가까운 사람과의
관계가 따뜻해지는 때입니다.
작은 배려 하나가 크게 전해집니다.","🌸 이달을 부드럽게 마무리하는 때입니다.
억지로 뭔가 하려 하지 않아도 됩니다.",라벤더·민트,4·6,카페·꽃집·감성 공간,무리한 약속 남발,"배려만 하다가 정작 자신은 못 챙긴 것 같은 토끼띠라면,
이번 달은 자신을 먼저 챙겨도 됩니다."
rabbit,토끼띠,🐰,"🐰 토끼띠 이번 달은 ""작은 친절이 돌아오는 달""입니다.
베푼 것이 예상보다 빨리 돌아옵니다.","🌿 심신이 안정되는 시기입니다.
무리하지 않아도 되는 흐름입니다.
쉬는 것도 이달의 전략입니다.","🛍️ 쇼핑이나 소비 욕구가 강해지는 시기.
필요한 것인지 한 번 더
확인하고 구매하세요.","🔮 다음 달에 대한 예감이
오기 시작하는 시기입니다.
직감을 믿어보세요.",라벤더·민트,4·6,카페·꽃집·감성 공간,무리한 약속 남발,"감정 표현이 어렵다고 느끼는 토끼띠라면,
이번 달 하순이 마음을 꺼내기 좋은 때입니다."
dragon,용띠,🐲,"🐲 용띠 이번 달은 ""존재감이 통하는 달""입니다.
자연스럽게 중심에 서게 되는 흐름입니다.","🌟 존재감이 자연스럽게 드러나는 시기.
나서지 않아도 눈에 띄는
흐름이 만들어집니다.","🏆 가장 빛나는 시기입니다.
자신감을 가지고 나서되
과도하게 밀어붙이지는 마세요.","🌟 이달의 성과를 정리하고
인정받는 시기입니다.
겸손하게 받아들이되 자신감은 유지하세요.",골드·퍼플,1·5,높은 곳·전망대·중심가,혼자 모든 것을 짊어지기,"요즘 능력을 발휘할 곳이 없다고 느끼는 용띠라면,
이번 달 중순부터 무대가 열립니다."
dragon,용띠,🐲,"🐲 용띠 이번 달은 ""큰 그림이 그려지는 달""입니다.
지금 보이는 것보다 더 큰 게 옵니다.","🏆 목표를 향해 첫 발을
내딛기 좋은 타이밍입니다.
크게 시작하되 작게 실행하세요.","🤝 중요한 만남이나 미팅이
성사될 수 있는 때입니다.
준비를 철저히 해두세요.","🔑 다음 달의 열쇠가
하순에 손에 들어옵니다.
놓치지 말고 잡으세요.",골드·퍼플,1·5,높은 곳·전망대·중심가,혼자 모든 것을 짊어지기,"혼자 너무 많이 짊어지고 있다는 용띠라면,
이번 달은 도움을 받는 것이 더 빠른 길입니다."
dragon,용띠,🐲,"🐲 용띠 이번 달은 ""협력이 날개가 되는 달""입니다.
혼자보다 함께할 때 훨씬 멀리 갑니다.","🤝 협력 관계가 만들어지는 시기입니다.
혼자 하기 어렵던 것이
자연스럽게 연결됩니다.","💎 숨겨진 능력이 인정받기 시작합니다.
낮은 자세로 받아들이면
더 높이 올라갑니다.","🤝 맺어진 인연을
더 깊게 이어가는 때입니다.
하순의 관계 관리가 중요합니다.",골드·퍼플,1·5,높은 곳·전망대·중심가,혼자 모든 것을 짊어지기,"큰 그림은 보이는데 실행이 막힌다는 용띠라면,
이번 달 상순에 실마리가 풀립니다."
dragon,용띠,🐲,"🐲 용띠 이번 달은 ""카리스마가 빛나는 달""입니다.
당당하게 나서도 될 때가 왔습니다.","💎 숨겨두었던 능력이
드러나기 시작하는 때입니다.
자신감을 가지고 꺼내보세요.","📈 사업·직장 운이 상승하는 시기.
지금 제안하거나
요청할 내용이 있다면 중순이 적기입니다.","💎 이달의 노력이
빛으로 바뀌는 시기입니다.
마지막까지 최선을 다하세요.",골드·퍼플,1·5,높은 곳·전망대·중심가,혼자 모든 것을 짊어지기,"인정받고 싶은데 기회가 없다는 용띠라면,
이번 달 중순 자연스러운 기회가 옵니다."
dragon,용띠,🐲,"🐲 용띠 이번 달은 ""기회를 잡는 달""입니다.
준비된 자에게 흐름이 열립니다.","🔑 중요한 열쇠가 생기는 시기입니다.
상순에 맺어지는 인연이나 기회가
이달 전체를 바꿀 수 있어요.","🌟 리더십을 발휘할 기회가
자연스럽게 생기는 때입니다.
중심에 서는 것을 두려워하지 마세요.","📈 상승세가 유지되는 시기입니다.
방심하지 말고
끝까지 흐름을 놓치지 마세요.",골드·퍼플,1·5,높은 곳·전망대·중심가,혼자 모든 것을 짊어지기,"과거의 결정이 후회된다는 용띠라면,
이번 달 그 선택이 사실 나쁘지 않았다는 걸 알게 됩니다."
snake,뱀띠,🐍,"🐍 뱀띠 이번 달은 ""직감이 맞는 달""입니다.
이상하다 싶은 것은 실제로 이상한 겁니다.","👁️ 관찰력이 극대화되는 시기입니다.
말보다 눈으로 읽는 것이
더 정확한 날들입니다.","🧠 판단력이 가장 예리한 시기입니다.
중요한 결정은 중순에 내리세요.
직감이 가장 정확한 때입니다.","🌙 조용히 정리하고 마무리하기
좋은 시기입니다.
소란 없이 끝내는 것이 유리합니다.",블랙·딥그린,6·11,혼자 있는 공간·조용한 카페,직감 무시,"요즘 뭔가 이상한데 말하기 어렵다는 뱀띠라면,
이번 달 그 직감이 맞을 가능성이 높습니다."
snake,뱀띠,🐍,"🐍 뱀띠 이번 달은 ""관찰이 힘이 되는 달""입니다.
보고 듣고 느끼는 것이 다음 달을 만듭니다.","🔮 직감이 유독 잘 맞는 시기입니다.
이상하다 싶은 게 있으면
그냥 이상한 겁니다.","🔮 숨겨진 사실이 드러나는 시기입니다.
알고 싶지 않았던 것도
알게 될 수 있어요.","🔮 다음 달에 대한 직감이
오기 시작합니다.
그 감각을 신뢰해보세요.",블랙·딥그린,6·11,혼자 있는 공간·조용한 카페,직감 무시,"겉으로는 괜찮은 척하고 있지만 속은 복잡한 뱀띠라면,
이번 달 후반 조금씩 정리됩니다."
snake,뱀띠,🐍,"🐍 뱀띠 이번 달은 ""숨겨둔 패를 꺼내는 달""입니다.
조용히 준비해온 것이 드러날 시기입니다.","📚 정보를 수집하기 좋은 타이밍.
지금 모아두는 것이
나중에 큰 자산이 됩니다.","💼 조용히 준비해온 것이
드러날 타이밍입니다.
너무 서두르지 말고 때를 기다리세요.","📚 이달의 경험을
지식으로 만드는 시기입니다.
정리하고 기록해두세요.",블랙·딥그린,6·11,혼자 있는 공간·조용한 카페,직감 무시,"준비는 됐는데 타이밍을 못 잡고 있다는 뱀띠라면,
이번 달 중순이 그 타이밍입니다."
snake,뱀띠,🐍,"🐍 뱀띠 이번 달은 ""통찰이 빛나는 달""입니다.
남들이 못 보는 것을 먼저 봅니다.","🌙 조용히 움직이는 것이 유리한 시기.
드러내지 않을수록
더 좋은 위치를 잡을 수 있어요.","🌙 혼자만의 시간이 특히 중요한 때입니다.
생각을 정리하고
다음 행동을 계획하세요.","🧩 흩어진 것들이
하순에 하나로 맞춰집니다.
조금만 더 기다리면 됩니다.",블랙·딥그린,6·11,혼자 있는 공간·조용한 카페,직감 무시,"표현하지 않아서 오해가 쌓인 것 같은 뱀띠라면,
이번 달 한마디가 그 오해를 풀 수 있습니다."
snake,뱀띠,🐍,"🐍 뱀띠 이번 달은 ""신중함이 이익이 되는 달""입니다.
한 발 늦게 가는 것이 오히려 앞섭니다.","🧩 퍼즐이 맞춰지기 시작하는 때입니다.
흩어져 있던 정보들이
연결되기 시작합니다.","🗝️ 중요한 열쇠가 손에 들어오는 시기.
그 기회를 어떻게 쓸지
미리 생각해두세요.","💼 조용한 마무리가
다음 달 좋은 시작을 만듭니다.
서두르지 말고 차분하게 끝내세요.",블랙·딥그린,6·11,혼자 있는 공간·조용한 카페,직감 무시,"조용히 관찰하다가 기회를 놓칠까 봐 불안한 뱀띠라면,
이번 달 관찰한 것이 곧 무기가 됩니다."
horse,말띠,🐴,"🐴 말띠 이번 달은 ""움직이는 자에게 운이 따르는 달""입니다.
가만히 있으면 기회가 지나칩니다.","🏃 움직임이 결과를 만드는 시기입니다.
가만히 있으면 기회가
그냥 지나쳐 버립니다.","🚗 갑작스러운 외출·여행·새로운 장소 방문이
기분 전환 이상의 의미로
이어질 수 있습니다.
'귀찮아서 안 갈 뻔한 자리'에서 운이 옵니다.","🚗 이달의 마무리를
가장 활동적으로 하는 시기입니다.
마지막까지 움직이면 기회가 옵니다.",오렌지·스카이블루,3·7,야외·새로운 동네·여행지,즉흥적 지출,"요즘 답답하고 어딘가로 떠나고 싶다는 말띠라면,
이번 달 그 충동대로 움직이는 것이 맞습니다."
horse,말띠,🐴,"🐴 말띠 이번 달은 ""새로운 곳에서 답이 나오는 달""입니다.
익숙한 곳을 벗어나보세요.","🗺️ 새로운 장소나 환경에서
예상 밖의 기회가 생깁니다.
익숙한 곳을 벗어나 보세요.","⚡ 스피드가 경쟁력인 시기입니다.
먼저 치고 나가는 사람이
이달 중순을 잡습니다.","🗺️ 다음 달을 위한
새로운 방향을 잡는 때입니다.
하순에 내린 결정이 방향을 바꿉니다.",오렌지·스카이블루,3·7,야외·새로운 동네·여행지,즉흥적 지출,"빠르게 하고 싶은데 주변이 느리게 느껴지는 말띠라면,
이번 달 혼자 앞서가도 됩니다."
horse,말띠,🐴,"🐴 말띠 이번 달은 ""속도가 무기인 달""입니다.
결정을 미루는 것이 가장 큰 손해입니다.","⚡ 빠른 실행이 유리한 시기입니다.
생각이 길면 타이밍을 놓칩니다.
먼저 시작하고 수정하세요.","🌐 새로운 환경에서
예상 밖의 기회가 열립니다.
낯선 곳도 두려워하지 마세요.","⚡ 에너지가 다시 올라오는 시기입니다.
지쳤다고 느꼈다면
하순부터 회복됩니다.",오렌지·스카이블루,3·7,야외·새로운 동네·여행지,즉흥적 지출,"에너지는 넘치는데 방향이 없다는 말띠라면,
이번 달 상순에 방향이 보이기 시작합니다."
horse,말띠,🐴,"🐴 말띠 이번 달은 ""자유가 에너지인 달""입니다.
틀에 박히지 않는 방식이 잘 통합니다.","🌐 외부 활동이 활발해지는 시기.
밖으로 나갈수록
좋은 일이 생기는 흐름입니다.","💬 직접적인 소통이
가장 효과적인 시기입니다.
빙 돌려 말하기보다 직접 하세요.","🎯 이달 목표의 마지막 점검 타이밍.
달성한 것과 못한 것을
냉정하게 확인하세요.",오렌지·스카이블루,3·7,야외·새로운 동네·여행지,즉흥적 지출,"자유롭고 싶은데 발목 잡히는 것들이 있는 말띠라면,
이번 달 하나씩 풀리기 시작합니다."
horse,말띠,🐴,"🐴 말띠 이번 달은 ""외부 활동이 복이 되는 달""입니다.
안에 있는 것보다 나가는 쪽이 유리합니다.","🎯 목표가 선명해지는 시기입니다.
무엇을 원하는지 명확히 하면
상순에 이미 절반은 된 겁니다.","🏋️ 에너지를 쏟을 프로젝트·도전이
생기는 시기입니다.
가만히 있기보다 적극적으로 나서세요.","🌐 새로운 관계나 환경이
만들어지기 시작하는 때입니다.
열린 자세가 중요합니다.",오렌지·스카이블루,3·7,야외·새로운 동네·여행지,즉흥적 지출,"즉흥적으로 결정했다가 후회한 적이 많은 말띠라면,
이번 달은 딱 10분만 기다리는 습관을 만들어 보세요."
sheep,양띠,🐑,"🐑 양띠 이번 달은 ""감성이 공감을 부르는 달""입니다.
솔직하게 표현할수록 관계가 깊어집니다.","🎨 평소 미뤄두었던 취미나
아이디어가 갑자기 주목받을 수 있습니다.
특히 사진·글·영상·꾸미기 감각이 살아나요.","📩 오래 끊겼던 사람에게 연락이 오거나
우연한 만남이 이어질 가능성.
가볍게 넘긴 대화가
의외의 기회가 될 수 있습니다.","🌙 감성이 깊어지는 시기입니다.
혼자 있는 시간을 통해
내면을 재정비하세요.",로즈핑크·라벤더,2·8,카페·공원·야간 산책길,감정적 소비,"요즘 괜히 지치고 귀찮았던 양띠라면,
이번 달 후반부터 분위기가 조금씩 바뀝니다."
sheep,양띠,🐑,"🐑 양띠 이번 달은 ""사람이 복이 되는 달""입니다.
예상 못한 연락 하나가 흐름을 바꿉니다.","💞 가까운 사람과의 대화에서
뜻밖의 위로나 힌트를 얻는 시기입니다.
먼저 마음을 여는 것이 중요합니다.","💕 감정 표현이 잘 통하는 시기입니다.
하고 싶은 말이 있다면
중순이 맞는 타이밍입니다.","💌 표현하지 못했던 감정을
꺼낼 수 있는 타이밍입니다.
하순이 마지막 기회일 수 있어요.",로즈핑크·라벤더,2·8,카페·공원·야간 산책길,감정적 소비,"배려하다가 정작 자신을 못 챙긴 것 같은 양띠라면,
이번 달은 자신을 먼저 챙겨도 됩니다."
sheep,양띠,🐑,"🐑 양띠 이번 달은 ""쉬는 것이 전진인 달""입니다.
억지로 힘내지 않아도 되는 시기입니다.","🌸 감성적인 콘텐츠나 공간에서
영감을 얻는 시기입니다.
전시·카페·산책이 도움이 됩니다.","🌸 예술적·감성적 활동이
특히 잘 풀리는 때입니다.
창작·취미에 시간을 투자하세요.","🌸 이달을 부드럽게 마무리하는 때입니다.
억지로 힘내지 않아도 됩니다.
자연스럽게 흘러가게 두세요.",로즈핑크·라벤더,2·8,카페·공원·야간 산책길,감정적 소비,"감정을 표현하기가 어렵다는 양띠라면,
이번 달 하순이 마음을 꺼내기 가장 좋은 때입니다."
sheep,양띠,🐑,"🐑 양띠 이번 달은 ""배려가 돌아오는 달""입니다.
지금껏 나눠온 것들이 결실을 맺습니다.","🤲 배려가 자연스럽게 나오는 시기.
베푼 것이 생각보다 빨리
돌아오는 흐름입니다.","🤝 배려가 깊어지는 시기입니다.
가까운 사람에게 먼저
손을 내밀어 보세요.","🏠 가까운 사람과의 시간이
특히 소중한 시기입니다.
함께 있는 것 자체로 충분합니다.",로즈핑크·라벤더,2·8,카페·공원·야간 산책길,감정적 소비,"쉬고 싶은데 쉬면 안 될 것 같다는 양띠라면,
이번 달은 쉬는 것이 가장 현명한 선택입니다."
sheep,양띠,🐑,"🐑 양띠 이번 달은 ""감수성이 재능이 되는 달""입니다.
느끼는 대로 표현하면 공명이 생깁니다.","🌿 에너지를 충전하는 시기입니다.
무리하지 않는 것 자체가
이달 상순의 가장 좋은 선택입니다.","🏠 집이나 익숙한 공간에서
안정감을 찾는 시기입니다.
무리하게 나가지 않아도 됩니다.","🔮 다음 달에 대한 예감이
오기 시작합니다.
그 감각이 틀리지 않을 거예요.",로즈핑크·라벤더,2·8,카페·공원·야간 산책길,감정적 소비,"주변의 에너지에 너무 휩쓸리는 것 같은 양띠라면,
이번 달 자신만의 공간과 시간이 특히 필요합니다."
monkey,원숭이띠,🐵,"🐵 원숭이띠 이번 달은 ""아이디어가 돈이 되는 달""입니다.
기발한 생각을 실행에 옮길 때입니다.","💡 아이디어가 폭발하는 시기입니다.
떠오르는 것을 바로 메모하세요.
나중에 기억하려 하면 이미 늦습니다.","🎭 다재다능함이 빛나는 시기입니다.
여러 가지를 동시에 처리하는
능력이 인정받습니다.","🎭 이달의 성과를
정리하고 평가하는 시기입니다.
재미있었던 것을 다음 달에도 이어가세요.",옐로우·스카이블루,3·9,다양한 사람이 모이는 곳,너무 많은 것 동시에 시작,"요즘 아이디어는 많은데 실행이 안 되는 원숭이띠라면,
이번 달 중순이 가장 좋은 실행 타이밍입니다."
monkey,원숭이띠,🐵,"🐵 원숭이띠 이번 달은 ""유연함이 이기는 달""입니다.
정해진 방식보다 새로운 방법이 통합니다.","🎭 유연하게 대응하는 것이
가장 강한 전략인 시기입니다.
정해진 방식보다 상황에 맞게 가세요.","💡 번뜩이는 아이디어가
실제 결과로 이어지는 때입니다.
주저하지 말고 제안하세요.","💡 다음 달 아이디어를
미리 준비하기 좋은 때입니다.
하순의 메모가 다음 달을 만듭니다.",옐로우·스카이블루,3·9,다양한 사람이 모이는 곳,너무 많은 것 동시에 시작,"여러 가지를 동시에 하다가 다 어중간한 것 같은 원숭이띠라면,
이번 달은 딱 두 가지만 집중하세요."
monkey,원숭이띠,🐵,"🐵 원숭이띠 이번 달은 ""재치가 빛나는 달""입니다.
한 마디가 분위기를 바꿀 수 있습니다.","🔧 문제 해결 능력이 빛나는 때입니다.
막혔던 것들이 의외로
쉽게 풀리기 시작합니다.","🔄 상황이 빠르게 바뀌는 시기입니다.
유연하게 대응하는 능력이
가장 큰 무기가 됩니다.","🔄 마무리와 시작이
동시에 일어나는 시기입니다.
유연하게 두 가지를 다 챙기세요.",옐로우·스카이블루,3·9,다양한 사람이 모이는 곳,너무 많은 것 동시에 시작,"재치 있게 말했는데 오해가 생긴 원숭이띠라면,
이번 달 직접적으로 말하는 것이 더 효과적입니다."
monkey,원숭이띠,🐵,"🐵 원숭이띠 이번 달은 ""적응력이 무기인 달""입니다.
변화를 먼저 받아들이는 쪽이 유리합니다.","🌐 다양한 분야의 사람을 만나기
좋은 시기입니다.
전혀 다른 분야에서 힌트가 옵니다.","🌐 다양한 분야의 사람들과
연결되는 기회가 생깁니다.
넓게 열려있는 자세가 중요합니다.","🎯 이달 가장 잘한 것 하나를
스스로 인정해주세요.
자기 평가가 다음 달 에너지를 만듭니다.",옐로우·스카이블루,3·9,다양한 사람이 모이는 곳,너무 많은 것 동시에 시작,"변화가 너무 많아서 지쳐있는 원숭이띠라면,
이번 달 후반부터 안정적인 흐름이 옵니다."
monkey,원숭이띠,🐵,"🐵 원숭이띠 이번 달은 ""창의력이 통하는 달""입니다.
엉뚱해 보이는 방향이 정답일 수 있어요.","🎯 여러 가지를 동시에 하고 싶은 충동.
상순만큼은 딱 두 가지에만
집중하는 것이 효율적입니다.","🎯 여러 선택지 중 하나를
골라야 하는 시기입니다.
가장 재미있을 것 같은 쪽을 선택하세요.","🌐 새로운 연결이
하순에 생기기 시작합니다.
열린 자세로 받아들이세요.",옐로우·스카이블루,3·9,다양한 사람이 모이는 곳,너무 많은 것 동시에 시작,"새로운 것을 시작하고 싶은 충동이 강한 원숭이띠라면,
이번 달 상순이 딱 맞는 타이밍입니다."
rooster,닭띠,🐓,"🐓 닭띠 이번 달은 ""준비한 것이 빛나는 달""입니다.
꼼꼼하게 쌓아온 것이 드러납니다.","📋 계획을 세우고 실행하기
가장 좋은 타이밍입니다.
꼼꼼하게 준비한 것이 빛을 발합니다.","📊 성과가 가시화되기 시작하는 시기입니다.
열심히 한 것이
숫자로 드러나기 시작해요.","📊 이달의 성과를
객관적으로 평가하는 시기입니다.
잘한 것도, 아쉬운 것도
냉정하게 보는 것이 중요합니다.",화이트·네이비,5·10,정돈된 공간·도서관·사무실,완벽주의로 인한 지연,"요즘 완벽하게 하려다 아무것도 못 끝낸 것 같은 닭띠라면,
이번 달은 80점짜리 완성이 목표입니다."
rooster,닭띠,🐓,"🐓 닭띠 이번 달은 ""완벽보다 완성인 달""입니다.
80점짜리 실행이 100점짜리 계획보다 낫습니다.","🔍 디테일이 차이를 만드는 시기입니다.
작은 것 하나를 제대로 끝내는 것이
이달 상순의 가장 큰 성취입니다.","💼 중요한 보고·발표·면접이
있을 수 있는 때입니다.
꼼꼼하게 준비하면 반드시 통합니다.","📋 다음 달 계획을
미리 세우는 시기입니다.
꼼꼼하게 준비하면
다음 달 시작이 달라집니다.",화이트·네이비,5·10,정돈된 공간·도서관·사무실,완벽주의로 인한 지연,"열심히 했는데 인정받지 못한 것 같은 닭띠라면,
이번 달 중순부터 그 노력이 보이기 시작합니다."
rooster,닭띠,🐓,"🐓 닭띠 이번 달은 ""솔직함이 신뢰를 만드는 달""입니다.
돌려 말하기보다 직접 말하는 것이 낫습니다.","💼 업무·일 관련 능력이
인정받기 시작하는 때입니다.
성과를 자연스럽게 드러내도 됩니다.","🔍 숨겨진 문제가 발견되는 시기.
불편하더라도 직면하는 것이
나중에 더 낫습니다.","💼 마무리를 완벽하게
하고 싶은 시기입니다.
80점이어도 괜찮습니다.
끝내는 것이 가장 중요합니다.",화이트·네이비,5·10,정돈된 공간·도서관·사무실,완벽주의로 인한 지연,"기준이 너무 높아서 본인도 힘든 닭띠라면,
이번 달은 자신에게 조금 관대해도 됩니다."
rooster,닭띠,🐓,"🐓 닭띠 이번 달은 ""부지런함이 보상받는 달""입니다.
일찍 움직인 것이 유리한 위치를 만듭니다.","⏰ 일찍 움직인 것이
유리한 위치를 만드는 시기입니다.
서두르되 꼼꼼함은 유지하세요.","💬 솔직한 피드백을 주고받기
좋은 타이밍입니다.
듣는 것도, 말하는 것도 용기가 필요합니다.","🏅 이달 열심히 한
자신을 칭찬해주세요.
스스로를 인정하는 것이
다음 달 에너지를 만듭니다.",화이트·네이비,5·10,정돈된 공간·도서관·사무실,완벽주의로 인한 지연,"솔직하게 말했다가 상처를 준 것 같은 닭띠라면,
이번 달 타이밍을 조금 늦추는 연습이 도움이 됩니다."
rooster,닭띠,🐓,"🐓 닭띠 이번 달은 ""디테일이 차이를 만드는 달""입니다.
작은 것 하나가 결과를 바꿉니다.","📊 분석하고 정리하는 능력이
돋보이는 시기입니다.
데이터와 근거가 설득력을 만듭니다.","📈 금전운이 안정적으로 유지되는 시기.
큰 변화보다 꾸준한
관리가 더 효과적입니다.","🌱 다음 달을 위한
씨앗을 심는 시기입니다.
작은 것부터 준비를 시작하세요.",화이트·네이비,5·10,정돈된 공간·도서관·사무실,완벽주의로 인한 지연,"부지런하게 했는데 결과가 안 나오는 것 같은 닭띠라면,
이번 달 후반부터 서서히 보이기 시작합니다."
dog,개띠,🐶,"🐶 개띠 이번 달은 ""의리가 복이 되는 달""입니다.
믿어온 사람에게서 뜻밖의 도움이 옵니다.","🤝 오래된 관계에서
뜻밖의 도움이 오는 시기입니다.
지켜온 인연이 힘이 됩니다.","💛 신뢰가 쌓이는 가장 좋은 타이밍입니다.
작은 약속 하나를
반드시 지켜보세요.","💛 이달 함께한 사람들에게
감사를 전하기 좋은 때입니다.
작은 마음이 큰 감동이 됩니다.",버건디·웜그레이,4·8,오래된 단골집·익숙한 공간,의리 때문에 손해 보기,"의리 때문에 손해 보고 있는 것 같은 개띠라면,
이번 달 그 의리가 예상보다 빨리 돌아옵니다."
dog,개띠,🐶,"🐶 개띠 이번 달은 ""신뢰가 쌓이는 달""입니다.
꾸준히 지켜온 것들이 인정받습니다.","💛 진심이 통하는 시기입니다.
꾸미지 않아도 됩니다.
솔직한 모습이 신뢰를 만듭니다.","🤝 도움을 주고받는 관계가
형성되는 시기입니다.
의리가 이달 중순의 핵심 키워드입니다.","🛡️ 지켜온 것들을
다시 한번 점검하는 시기입니다.
소중한 것을 잃지 않게 확인하세요.",버건디·웜그레이,4·8,오래된 단골집·익숙한 공간,의리 때문에 손해 보기,"믿었던 사람이 실망스러웠던 개띠라면,
이번 달 진짜 내 편이 누군지 보이기 시작합니다."
dog,개띠,🐶,"🐶 개띠 이번 달은 ""진심이 통하는 달""입니다.
솔직한 한마디가 관계를 단단하게 합니다.","🏅 묵묵히 해온 것들이
드디어 인정받기 시작합니다.
조금만 더 버텨보세요.","🛡️ 중요한 것을 지켜야 하는 시기입니다.
타협하지 말아야 할 선을
미리 정해두세요.","🌟 신뢰가 결실로
돌아오는 마지막 시기입니다.
꾸준함이 이달 하순의 힘입니다.",버건디·웜그레이,4·8,오래된 단골집·익숙한 공간,의리 때문에 손해 보기,"솔직하게 말하고 싶은데 관계가 틀어질까 봐 못 한 개띠라면,
이번 달은 솔직함이 오히려 관계를 단단하게 합니다."
dog,개띠,🐶,"🐶 개띠 이번 달은 ""충직함이 빛나는 달""입니다.
묵묵히 해온 것들이 결실을 맺습니다.","🛡️ 주변을 지키려는 마음이
더 강해지는 시기입니다.
그 충성심이 이달 상순의 강점입니다.","💬 솔직한 대화가 관계를
더 단단하게 만드는 때입니다.
하고 싶은 말을 솔직하게 하세요.","🤝 다음 달의 새로운 연결이
하순에 시작됩니다.
먼저 손을 내밀어 보세요.",버건디·웜그레이,4·8,오래된 단골집·익숙한 공간,의리 때문에 손해 보기,"열심히 지켜왔는데 혼자인 것 같은 개띠라면,
이번 달 그 충성심을 알아보는 사람이 나타납니다."
dog,개띠,🐶,"🐶 개띠 이번 달은 ""관계 정리가 필요한 달""입니다.
진짜 내 편이 누군지 이번 달에 보입니다.","📞 먼저 연락하고 싶었던 사람이 있다면
상순이 딱 맞는 타이밍입니다.
의외로 반가운 반응이 옵니다.","🌟 오랫동안 쌓아온 신뢰가
빛을 발하는 시기입니다.
그 관계를 더 소중히 여기세요.","🏠 가까운 사람과의
따뜻한 마무리가 중요한 시기입니다.
소소한 것들이 관계를 단단하게 합니다.",버건디·웜그레이,4·8,오래된 단골집·익숙한 공간,의리 때문에 손해 보기,"감정 표현이 어려워서 답답한 개띠라면,
이번 달 하순이 마음을 꺼내기 좋은 타이밍입니다."
pig,돼지띠,🐷,"🐷 돼지띠 이번 달은 ""사람이 복이 되는 달""입니다.
예상 못한 연락 하나가 흐름을 바꿉니다.","🌟 좋은 에너지가 흘러들어오는 시기입니다.
사람들이 자연스럽게
당신 곁으로 모이기 시작해요.","🎊 즐거운 모임이나 이벤트가
생기는 시기입니다.
참여할수록 좋은 기운이 쌓입니다.","🌟 이달의 즐거운 기억을
마음에 담아두는 시기입니다.
좋은 것들을 감사하게 여기세요.",딥그린·골드,3·17,카페·공원·야간 산책길,즉흥적인 지출,"요즘 괜히 지치고 귀찮았던 돼지띠라면,
이번 달 후반부터 분위기가 조금씩 바뀌는 느낌을 받습니다."
pig,돼지띠,🐷,"🐷 돼지띠 이번 달은 ""풍요가 흐르는 달""입니다.
욕심은 하나씩만 챙기면 다 들어옵니다.","🎊 예상치 못한 즐거운 소식이
생길 수 있는 시기입니다.
기대하지 않은 곳에서 옵니다.","💰 예상치 못한 수입이나
이득이 생길 수 있습니다.
단, 지출도 함께 늘어날 수 있으니 주의하세요.","💰 하순에 예상치 못한
이득이 생길 수 있습니다.
단, 지출도 함께 확인하세요.",딥그린·골드,3·17,카페·공원·야간 산책길,즉흥적인 지출,"좋은 것들을 너무 많이 하려다 지친 돼지띠라면,
이번 달은 하나씩만 챙기면 됩니다."
pig,돼지띠,🐷,"🐷 돼지띠 이번 달은 ""즐거움이 운을 부르는 달""입니다.
좋아하는 것을 할수록 기운이 올라갑니다.","💰 작은 수입이나 이득이
생기는 흐름입니다.
크게 욕심내지 않으면 자연스럽게 들어옵니다.","🤗 주변 사람들과의 관계가
더 깊어지는 때입니다.
먼저 다가가는 쪽이 유리합니다.","🤗 이달 만난 사람들과
더 깊은 인연으로 이어지는 때입니다.
마무리 인사가 중요합니다.",딥그린·골드,3·17,카페·공원·야간 산책길,즉흥적인 지출,"사람들에게 너무 많이 주고 정작 자신이 비어있는 돼지띠라면,
이번 달은 자신을 먼저 채우는 시기입니다."
pig,돼지띠,🐷,"🐷 돼지띠 이번 달은 ""나눔이 돌아오는 달""입니다.
베풀수록 더 크게 돌아오는 흐름입니다.","🤗 사람들에게 인기가 높아지는 시기.
만남이 많아질수록
좋은 기운도 함께 쌓입니다.","🌸 하고 싶은 것을 하나씩
실행하기 좋은 타이밍입니다.
즐거움이 운을 끌어올립니다.","🎊 이달을 즐겁게 마무리하는 시기.
요즘 괜히 지치고 귀찮았다면
하순부터 분위기가 바뀝니다.",딥그린·골드,3·17,카페·공원·야간 산책길,즉흥적인 지출,"즉흥적으로 지출했다가 후회한 적이 있는 돼지띠라면,
이번 달은 가격표 먼저 보는 습관을 지켜보세요."
pig,돼지띠,🐷,"🐷 돼지띠 이번 달은 ""분위기가 바뀌는 달""입니다.
후반부로 갈수록 좋아지는 흐름입니다.","🌸 하고 싶었던 것을 시작하기
좋은 타이밍입니다.
설레는 마음이 드는 방향이 맞습니다.","🎯 목표를 향해 집중력이
높아지는 시기입니다.
분위기에 휩쓸리지 말고 중심을 잡으세요.","🌸 다음 달에 대한 기대와
설렘이 생기기 시작합니다.
좋은 흐름이 이어질 거예요.",딥그린·골드,3·17,카페·공원·야간 산책길,즉흥적인 지출,"분위기가 안 좋아서 위축된 돼지띠라면,
이번 달 중순부터 에너지가 다시 올라옵니다."
