id,animal_zodiac,kr,fortune
1,rat,쥐띠,쥐띠 이번 달은 창의적인 에너지가 넘치는 시기입니다. 예술적 감각을 발휘해보시기 바랍니다.
2,rat,쥐띠,쥐띠에게 이번 달은 인간관계가 풍성해지는 달입니다. 새로운 인연을 소중히 여기시기 바랍니다.
3,rat,쥐띠,쥐띠에게 이번 달은 새로운 시작을 알리는 달입니다. 오랜 꿈을 향해 첫 걸음을 내딛어보시기 바랍니다.
4,rat,쥐띠,쥐띠 이번 달은 창의적인 에너지가 넘치는 시기입니다. 예술적 감각을 발휘해보시기 바랍니다.
5,rat,쥐띠,쥐띠 이번 달은 재물운이 서서히 상승합니다. 중순 이후 좋은 기회가 찾아올 수 있습니다.
6,rat,쥐띠,쥐띠에게 이번 달은 인간관계가 풍성해지는 달입니다. 새로운 인연을 소중히 여기시기 바랍니다.
7,rat,쥐띠,쥐띠 이번 달은 직장이나 사업에서 중요한 전환점이 될 수 있습니다. 준비를 철저히 하시기 바랍니다.
8,rat,쥐띠,쥐띠에게 이번 달은 건강과 체력 관리가 중요합니다. 꾸준한 운동 습관을 만들어보시기 바랍니다.
9,rat,쥐띠,쥐띠에게 이번 달은 인간관계가 풍성해지는 달입니다. 새로운 인연을 소중히 여기시기 바랍니다.
10,rat,쥐띠,쥐띠에게 이번 달은 건강과 체력 관리가 중요합니다. 꾸준한 운동 습관을 만들어보시기 바랍니다.
11,rat,쥐띠,쥐띠 이번 달은 직장이나 사업에서 중요한 전환점이 될 수 있습니다. 준비를 철저히 하시기 바랍니다.
12,rat,쥐띠,쥐띠 이번 달은 감사하는 마음이 더 큰 행운을 불러옵니다. 주변을 돌아보시기 바랍니다.
13,rat,쥐띠,쥐띠 이번 달은 재물운이 서서히 상승합니다. 중순 이후 좋은 기회가 찾아올 수 있습니다.
14,rat,쥐띠,쥐띠 이번 달은 창의적인 에너지가 넘치는 시기입니다. 예술적 감각을 발휘해보시기 바랍니다.
15,rat,쥐띠,쥐띠에게 이번 달은 여행이나 새로운 경험이 큰 영감을 줄 것입니다. 도전을 즐기시기 바랍니다.
16,rat,쥐띠,쥐띠에게 이번 달은 여행이나 새로운 경험이 큰 영감을 줄 것입니다. 도전을 즐기시기 바랍니다.
17,rat,쥐띠,쥐띠에게 이번 달은 새로운 시작을 알리는 달입니다. 오랜 꿈을 향해 첫 걸음을 내딛어보시기 바랍니다.
18,rat,쥐띠,쥐띠 이번 달은 창의적인 에너지가 넘치는 시기입니다. 예술적 감각을 발휘해보시기 바랍니다.
19,rat,쥐띠,쥐띠 이번 달은 창의적인 에너지가 넘치는 시기입니다. 예술적 감각을 발휘해보시기 바랍니다.
20,rat,쥐띠,쥐띠 이번 달은 직장이나 사업에서 중요한 전환점이 될 수 있습니다. 준비를 철저히 하시기 바랍니다.
21,rat,쥐띠,쥐띠 이번 달은 창의적인 에너지가 넘치는 시기입니다. 예술적 감각을 발휘해보시기 바랍니다.
22,rat,쥐띠,쥐띠 이번 달은 창의적인 에너지가 넘치는 시기입니다. 예술적 감각을 발휘해보시기 바랍니다.
23,rat,쥐띠,쥐띠 이번 달은 직장이나 사업에서 중요한 전환점이 될 수 있습니다. 준비를 철저히 하시기 바랍니다.
24,rat,쥐띠,쥐띠 이번 달은 직장이나 사업에서 중요한 전환점이 될 수 있습니다. 준비를 철저히 하시기 바랍니다.
25,rat,쥐띠,쥐띠에게 이번 달은 여행이나 새로운 경험이 큰 영감을 줄 것입니다. 도전을 즐기시기 바랍니다.
26,rat,쥐띠,쥐띠 이번 달은 창의적인 에너지가 넘치는 시기입니다. 예술적 감각을 발휘해보시기 바랍니다.
27,rat,쥐띠,쥐띠에게 이번 달은 새로운 시작을 알리는 달입니다. 오랜 꿈을 향해 첫 걸음을 내딛어보시기 바랍니다.
28,rat,쥐띠,쥐띠에게 이번 달은 인간관계가 풍성해지는 달입니다. 새로운 인연을 소중히 여기시기 바랍니다.
29,rat,쥐띠,쥐띠에게 이번 달은 새로운 시작을 알리는 달입니다. 오랜 꿈을 향해 첫 걸음을 내딛어보시기 바랍니다.
30,rat,쥐띠,쥐띠에게 이번 달은 건강과 체력 관리가 중요합니다. 꾸준한 운동 습관을 만들어보시기 바랍니다.
31,rat,쥐띠,쥐띠에게 이번 달은 여행이나 새로운 경험이 큰 영감을 줄 것입니다. 도전을 즐기시기 바랍니다.
32,rat,쥐띠,쥐띠 이번 달은 재물운이 서서히 상승합니다. 중순 이후 좋은 기회가 찾아올 수 있습니다.
33,rat,쥐띠,쥐띠에게 이번 달은 인간관계가 풍성해지는 달입니다. 새로운 인연을 소중히 여기시기 바랍니다.
34,rat,쥐띠,쥐띠에게 이번 달은 인간관계가 풍성해지는 달입니다. 새로운 인연을 소중히 여기시기 바랍니다.
35,rat,쥐띠,쥐띠 이번 달은 감사하는 마음이 더 큰 행운을 불러옵니다. 주변을 돌아보시기 바랍니다.
36,rat,쥐띠,쥐띠 이번 달은 직장이나 사업에서 중요한 전환점이 될 수 있습니다. 준비를 철저히 하시기 바랍니다.
37,rat,쥐띠,쥐띠에게 이번 달은 새로운 시작을 알리는 달입니다. 오랜 꿈을 향해 첫 걸음을 내딛어보시기 바랍니다.
38,rat,쥐띠,쥐띠에게 이번 달은 인간관계가 풍성해지는 달입니다. 새로운 인연을 소중히 여기시기 바랍니다.
39,rat,쥐띠,쥐띠 이번 달은 창의적인 에너지가 넘치는 시기입니다. 예술적 감각을 발휘해보시기 바랍니다.
40,rat,쥐띠,쥐띠 이번 달은 직장이나 사업에서 중요한 전환점이 될 수 있습니다. 준비를 철저히 하시기 바랍니다.
41,rat,쥐띠,쥐띠 이번 달은 직장이나 사업에서 중요한 전환점이 될 수 있습니다. 준비를 철저히 하시기 바랍니다.
42,rat,쥐띠,쥐띠 이번 달은 창의적인 에너지가 넘치는 시기입니다. 예술적 감각을 발휘해보시기 바랍니다.
43,rat,쥐띠,쥐띠 이번 달은 재물운이 서서히 상승합니다. 중순 이후 좋은 기회가 찾아올 수 있습니다.
44,rat,쥐띠,쥐띠 이번 달은 재물운이 서서히 상승합니다. 중순 이후 좋은 기회가 찾아올 수 있습니다.
45,rat,쥐띠,쥐띠에게 이번 달은 인간관계가 풍성해지는 달입니다. 새로운 인연을 소중히 여기시기 바랍니다.
46,rat,쥐띠,쥐띠 이번 달은 감사하는 마음이 더 큰 행운을 불러옵니다. 주변을 돌아보시기 바랍니다.
47,rat,쥐띠,쥐띠 이번 달은 재물운이 서서히 상승합니다. 중순 이후 좋은 기회가 찾아올 수 있습니다.
48,rat,쥐띠,쥐띠에게 이번 달은 건강과 체력 관리가 중요합니다. 꾸준한 운동 습관을 만들어보시기 바랍니다.
49,rat,쥐띠,쥐띠 이번 달은 직장이나 사업에서 중요한 전환점이 될 수 있습니다. 준비를 철저히 하시기 바랍니다.
50,rat,쥐띠,쥐띠 이번 달은 감사하는 마음이 더 큰 행운을 불러옵니다. 주변을 돌아보시기 바랍니다.
51,rat,쥐띠,쥐띠에게 이번 달은 건강과 체력 관리가 중요합니다. 꾸준한 운동 습관을 만들어보시기 바랍니다.
52,rat,쥐띠,쥐띠 이번 달은 창의적인 에너지가 넘치는 시기입니다. 예술적 감각을 발휘해보시기 바랍니다.
53,rat,쥐띠,쥐띠에게 이번 달은 인간관계가 풍성해지는 달입니다. 새로운 인연을 소중히 여기시기 바랍니다.
54,rat,쥐띠,쥐띠에게 이번 달은 새로운 시작을 알리는 달입니다. 오랜 꿈을 향해 첫 걸음을 내딛어보시기 바랍니다.
55,rat,쥐띠,쥐띠 이번 달은 재물운이 서서히 상승합니다. 중순 이후 좋은 기회가 찾아올 수 있습니다.
56,rat,쥐띠,쥐띠에게 이번 달은 건강과 체력 관리가 중요합니다. 꾸준한 운동 습관을 만들어보시기 바랍니다.
57,rat,쥐띠,쥐띠 이번 달은 감사하는 마음이 더 큰 행운을 불러옵니다. 주변을 돌아보시기 바랍니다.
58,rat,쥐띠,쥐띠에게 이번 달은 새로운 시작을 알리는 달입니다. 오랜 꿈을 향해 첫 걸음을 내딛어보시기 바랍니다.
59,rat,쥐띠,쥐띠에게 이번 달은 새로운 시작을 알리는 달입니다. 오랜 꿈을 향해 첫 걸음을 내딛어보시기 바랍니다.
60,rat,쥐띠,쥐띠 이번 달은 창의적인 에너지가 넘치는 시기입니다. 예술적 감각을 발휘해보시기 바랍니다.
61,rat,쥐띠,쥐띠 이번 달은 감사하는 마음이 더 큰 행운을 불러옵니다. 주변을 돌아보시기 바랍니다.
62,rat,쥐띠,쥐띠에게 이번 달은 여행이나 새로운 경험이 큰 영감을 줄 것입니다. 도전을 즐기시기 바랍니다.
63,rat,쥐띠,쥐띠에게 이번 달은 인간관계가 풍성해지는 달입니다. 새로운 인연을 소중히 여기시기 바랍니다.
64,rat,쥐띠,쥐띠에게 이번 달은 여행이나 새로운 경험이 큰 영감을 줄 것입니다. 도전을 즐기시기 바랍니다.
65,rat,쥐띠,쥐띠에게 이번 달은 새로운 시작을 알리는 달입니다. 오랜 꿈을 향해 첫 걸음을 내딛어보시기 바랍니다.
66,rat,쥐띠,쥐띠 이번 달은 재물운이 서서히 상승합니다. 중순 이후 좋은 기회가 찾아올 수 있습니다.
67,rat,쥐띠,쥐띠에게 이번 달은 인간관계가 풍성해지는 달입니다. 새로운 인연을 소중히 여기시기 바랍니다.
68,rat,쥐띠,쥐띠에게 이번 달은 새로운 시작을 알리는 달입니다. 오랜 꿈을 향해 첫 걸음을 내딛어보시기 바랍니다.
69,rat,쥐띠,쥐띠에게 이번 달은 여행이나 새로운 경험이 큰 영감을 줄 것입니다. 도전을 즐기시기 바랍니다.
70,rat,쥐띠,쥐띠에게 이번 달은 건강과 체력 관리가 중요합니다. 꾸준한 운동 습관을 만들어보시기 바랍니다.
71,rat,쥐띠,쥐띠에게 이번 달은 여행이나 새로운 경험이 큰 영감을 줄 것입니다. 도전을 즐기시기 바랍니다.
72,rat,쥐띠,쥐띠에게 이번 달은 건강과 체력 관리가 중요합니다. 꾸준한 운동 습관을 만들어보시기 바랍니다.
73,rat,쥐띠,쥐띠에게 이번 달은 새로운 시작을 알리는 달입니다. 오랜 꿈을 향해 첫 걸음을 내딛어보시기 바랍니다.
74,rat,쥐띠,쥐띠 이번 달은 직장이나 사업에서 중요한 전환점이 될 수 있습니다. 준비를 철저히 하시기 바랍니다.
75,rat,쥐띠,쥐띠에게 이번 달은 여행이나 새로운 경험이 큰 영감을 줄 것입니다. 도전을 즐기시기 바랍니다.
76,rat,쥐띠,쥐띠 이번 달은 직장이나 사업에서 중요한 전환점이 될 수 있습니다. 준비를 철저히 하시기 바랍니다.
77,rat,쥐띠,쥐띠 이번 달은 직장이나 사업에서 중요한 전환점이 될 수 있습니다. 준비를 철저히 하시기 바랍니다.
78,rat,쥐띠,쥐띠 이번 달은 직장이나 사업에서 중요한 전환점이 될 수 있습니다. 준비를 철저히 하시기 바랍니다.
79,rat,쥐띠,쥐띠에게 이번 달은 건강과 체력 관리가 중요합니다. 꾸준한 운동 습관을 만들어보시기 바랍니다.
80,rat,쥐띠,쥐띠 이번 달은 창의적인 에너지가 넘치는 시기입니다. 예술적 감각을 발휘해보시기 바랍니다.
81,rat,쥐띠,쥐띠에게 이번 달은 새로운 시작을 알리는 달입니다. 오랜 꿈을 향해 첫 걸음을 내딛어보시기 바랍니다.
82,rat,쥐띠,쥐띠에게 이번 달은 새로운 시작을 알리는 달입니다. 오랜 꿈을 향해 첫 걸음을 내딛어보시기 바랍니다.
83,rat,쥐띠,쥐띠 이번 달은 창의적인 에너지가 넘치는 시기입니다. 예술적 감각을 발휘해보시기 바랍니다.
84,rat,쥐띠,쥐띠에게 이번 달은 새로운 시작을 알리는 달입니다. 오랜 꿈을 향해 첫 걸음을 내딛어보시기 바랍니다.
85,ox,소띠,소띠에게 이번 달은 건강과 체력 관리가 중요합니다. 꾸준한 운동 습관을 만들어보시기 바랍니다.
86,ox,소띠,소띠 이번 달은 창의적인 에너지가 넘치는 시기입니다. 예술적 감각을 발휘해보시기 바랍니다.
87,ox,소띠,소띠 이번 달은 창의적인 에너지가 넘치는 시기입니다. 예술적 감각을 발휘해보시기 바랍니다.
88,ox,소띠,소띠에게 이번 달은 건강과 체력 관리가 중요합니다. 꾸준한 운동 습관을 만들어보시기 바랍니다.
89,ox,소띠,소띠 이번 달은 창의적인 에너지가 넘치는 시기입니다. 예술적 감각을 발휘해보시기 바랍니다.
90,ox,소띠,소띠에게 이번 달은 여행이나 새로운 경험이 큰 영감을 줄 것입니다. 도전을 즐기시기 바랍니다.
91,ox,소띠,소띠에게 이번 달은 여행이나 새로운 경험이 큰 영감을 줄 것입니다. 도전을 즐기시기 바랍니다.
92,ox,소띠,소띠 이번 달은 창의적인 에너지가 넘치는 시기입니다. 예술적 감각을 발휘해보시기 바랍니다.
93,ox,소띠,소띠에게 이번 달은 건강과 체력 관리가 중요합니다. 꾸준한 운동 습관을 만들어보시기 바랍니다.
94,ox,소띠,소띠에게 이번 달은 인간관계가 풍성해지는 달입니다. 새로운 인연을 소중히 여기시기 바랍니다.
95,ox,소띠,소띠에게 이번 달은 새로운 시작을 알리는 달입니다. 오랜 꿈을 향해 첫 걸음을 내딛어보시기 바랍니다.
96,ox,소띠,소띠 이번 달은 감사하는 마음이 더 큰 행운을 불러옵니다. 주변을 돌아보시기 바랍니다.
97,ox,소띠,소띠에게 이번 달은 인간관계가 풍성해지는 달입니다. 새로운 인연을 소중히 여기시기 바랍니다.
98,ox,소띠,소띠에게 이번 달은 건강과 체력 관리가 중요합니다. 꾸준한 운동 습관을 만들어보시기 바랍니다.
99,ox,소띠,소띠 이번 달은 감사하는 마음이 더 큰 행운을 불러옵니다. 주변을 돌아보시기 바랍니다.
100,ox,소띠,소띠 이번 달은 재물운이 서서히 상승합니다. 중순 이후 좋은 기회가 찾아올 수 있습니다.
101,ox,소띠,소띠 이번 달은 창의적인 에너지가 넘치는 시기입니다. 예술적 감각을 발휘해보시기 바랍니다.
102,ox,소띠,소띠에게 이번 달은 인간관계가 풍성해지는 달입니다. 새로운 인연을 소중히 여기시기 바랍니다.
103,ox,소띠,소띠에게 이번 달은 새로운 시작을 알리는 달입니다. 오랜 꿈을 향해 첫 걸음을 내딛어보시기 바랍니다.
104,ox,소띠,소띠 이번 달은 창의적인 에너지가 넘치는 시기입니다. 예술적 감각을 발휘해보시기 바랍니다.
105,ox,소띠,소띠에게 이번 달은 건강과 체력 관리가 중요합니다. 꾸준한 운동 습관을 만들어보시기 바랍니다.
106,ox,소띠,소띠 이번 달은 재물운이 서서히 상승합니다. 중순 이후 좋은 기회가 찾아올 수 있습니다.
107,ox,소띠,소띠에게 이번 달은 건강과 체력 관리가 중요합니다. 꾸준한 운동 습관을 만들어보시기 바랍니다.
108,ox,소띠,소띠에게 이번 달은 인간관계가 풍성해지는 달입니다. 새로운 인연을 소중히 여기시기 바랍니다.
109,ox,소띠,소띠 이번 달은 창의적인 에너지가 넘치는 시기입니다. 예술적 감각을 발휘해보시기 바랍니다.
110,ox,소띠,소띠 이번 달은 창의적인 에너지가 넘치는 시기입니다. 예술적 감각을 발휘해보시기 바랍니다.
111,ox,소띠,소띠 이번 달은 창의적인 에너지가 넘치는 시기입니다. 예술적 감각을 발휘해보시기 바랍니다.
112,ox,소띠,소띠에게 이번 달은 여행이나 새로운 경험이 큰 영감을 줄 것입니다. 도전을 즐기시기 바랍니다.
113,ox,소띠,소띠 이번 달은 창의적인 에너지가 넘치는 시기입니다. 예술적 감각을 발휘해보시기 바랍니다.
114,ox,소띠,소띠에게 이번 달은 건강과 체력 관리가 중요합니다. 꾸준한 운동 습관을 만들어보시기 바랍니다.
115,ox,소띠,소띠에게 이번 달은 인간관계가 풍성해지는 달입니다. 새로운 인연을 소중히 여기시기 바랍니다.
116,ox,소띠,소띠 이번 달은 감사하는 마음이 더 큰 행운을 불러옵니다. 주변을 돌아보시기 바랍니다.
117,ox,소띠,소띠 이번 달은 감사하는 마음이 더 큰 행운을 불러옵니다. 주변을 돌아보시기 바랍니다.
118,ox,소띠,소띠에게 이번 달은 건강과 체력 관리가 중요합니다. 꾸준한 운동 습관을 만들어보시기 바랍니다.
119,ox,소띠,소띠에게 이번 달은 여행이나 새로운 경험이 큰 영감을 줄 것입니다. 도전을 즐기시기 바랍니다.
120,ox,소띠,소띠에게 이번 달은 여행이나 새로운 경험이 큰 영감을 줄 것입니다. 도전을 즐기시기 바랍니다.
121,ox,소띠,소띠에게 이번 달은 건강과 체력 관리가 중요합니다. 꾸준한 운동 습관을 만들어보시기 바랍니다.
122,ox,소띠,소띠에게 이번 달은 인간관계가 풍성해지는 달입니다. 새로운 인연을 소중히 여기시기 바랍니다.
123,ox,소띠,소띠 이번 달은 직장이나 사업에서 중요한 전환점이 될 수 있습니다. 준비를 철저히 하시기 바랍니다.
124,ox,소띠,소띠에게 이번 달은 인간관계가 풍성해지는 달입니다. 새로운 인연을 소중히 여기시기 바랍니다.
125,ox,소띠,소띠에게 이번 달은 인간관계가 풍성해지는 달입니다. 새로운 인연을 소중히 여기시기 바랍니다.
126,ox,소띠,소띠 이번 달은 창의적인 에너지가 넘치는 시기입니다. 예술적 감각을 발휘해보시기 바랍니다.
127,ox,소띠,소띠 이번 달은 직장이나 사업에서 중요한 전환점이 될 수 있습니다. 준비를 철저히 하시기 바랍니다.
128,ox,소띠,소띠에게 이번 달은 건강과 체력 관리가 중요합니다. 꾸준한 운동 습관을 만들어보시기 바랍니다.
129,ox,소띠,소띠 이번 달은 감사하는 마음이 더 큰 행운을 불러옵니다. 주변을 돌아보시기 바랍니다.
130,ox,소띠,소띠에게 이번 달은 여행이나 새로운 경험이 큰 영감을 줄 것입니다. 도전을 즐기시기 바랍니다.
131,ox,소띠,소띠 이번 달은 감사하는 마음이 더 큰 행운을 불러옵니다. 주변을 돌아보시기 바랍니다.
132,ox,소띠,소띠에게 이번 달은 여행이나 새로운 경험이 큰 영감을 줄 것입니다. 도전을 즐기시기 바랍니다.
133,ox,소띠,소띠 이번 달은 감사하는 마음이 더 큰 행운을 불러옵니다. 주변을 돌아보시기 바랍니다.
134,ox,소띠,소띠 이번 달은 직장이나 사업에서 중요한 전환점이 될 수 있습니다. 준비를 철저히 하시기 바랍니다.
135,ox,소띠,소띠에게 이번 달은 새로운 시작을 알리는 달입니다. 오랜 꿈을 향해 첫 걸음을 내딛어보시기 바랍니다.
136,ox,소띠,소띠에게 이번 달은 새로운 시작을 알리는 달입니다. 오랜 꿈을 향해 첫 걸음을 내딛어보시기 바랍니다.
137,ox,소띠,소띠 이번 달은 감사하는 마음이 더 큰 행운을 불러옵니다. 주변을 돌아보시기 바랍니다.
138,ox,소띠,소띠에게 이번 달은 새로운 시작을 알리는 달입니다. 오랜 꿈을 향해 첫 걸음을 내딛어보시기 바랍니다.
139,ox,소띠,소띠 이번 달은 창의적인 에너지가 넘치는 시기입니다. 예술적 감각을 발휘해보시기 바랍니다.
140,ox,소띠,소띠에게 이번 달은 여행이나 새로운 경험이 큰 영감을 줄 것입니다. 도전을 즐기시기 바랍니다.
141,ox,소띠,소띠 이번 달은 직장이나 사업에서 중요한 전환점이 될 수 있습니다. 준비를 철저히 하시기 바랍니다.
142,ox,소띠,소띠에게 이번 달은 여행이나 새로운 경험이 큰 영감을 줄 것입니다. 도전을 즐기시기 바랍니다.
143,ox,소띠,소띠 이번 달은 직장이나 사업에서 중요한 전환점이 될 수 있습니다. 준비를 철저히 하시기 바랍니다.
144,ox,소띠,소띠에게 이번 달은 여행이나 새로운 경험이 큰 영감을 줄 것입니다. 도전을 즐기시기 바랍니다.
145,ox,소띠,소띠 이번 달은 재물운이 서서히 상승합니다. 중순 이후 좋은 기회가 찾아올 수 있습니다.
146,ox,소띠,소띠에게 이번 달은 여행이나 새로운 경험이 큰 영감을 줄 것입니다. 도전을 즐기시기 바랍니다.
147,ox,소띠,소띠에게 이번 달은 여행이나 새로운 경험이 큰 영감을 줄 것입니다. 도전을 즐기시기 바랍니다.
148,ox,소띠,소띠 이번 달은 감사하는 마음이 더 큰 행운을 불러옵니다. 주변을 돌아보시기 바랍니다.
149,ox,소띠,소띠에게 이번 달은 새로운 시작을 알리는 달입니다. 오랜 꿈을 향해 첫 걸음을 내딛어보시기 바랍니다.
150,ox,소띠,소띠 이번 달은 직장이나 사업에서 중요한 전환점이 될 수 있습니다. 준비를 철저히 하시기 바랍니다.
151,ox,소띠,소띠 이번 달은 직장이나 사업에서 중요한 전환점이 될 수 있습니다. 준비를 철저히 하시기 바랍니다.
152,ox,소띠,소띠 이번 달은 창의적인 에너지가 넘치는 시기입니다. 예술적 감각을 발휘해보시기 바랍니다.
153,ox,소띠,소띠 이번 달은 재물운이 서서히 상승합니다. 중순 이후 좋은 기회가 찾아올 수 있습니다.
154,ox,소띠,소띠 이번 달은 감사하는 마음이 더 큰 행운을 불러옵니다. 주변을 돌아보시기 바랍니다.
155,ox,소띠,소띠 이번 달은 감사하는 마음이 더 큰 행운을 불러옵니다. 주변을 돌아보시기 바랍니다.
156,ox,소띠,소띠에게 이번 달은 여행이나 새로운 경험이 큰 영감을 줄 것입니다. 도전을 즐기시기 바랍니다.
157,ox,소띠,소띠에게 이번 달은 인간관계가 풍성해지는 달입니다. 새로운 인연을 소중히 여기시기 바랍니다.
158,ox,소띠,소띠 이번 달은 직장이나 사업에서 중요한 전환점이 될 수 있습니다. 준비를 철저히 하시기 바랍니다.
159,ox,소띠,소띠에게 이번 달은 새로운 시작을 알리는 달입니다. 오랜 꿈을 향해 첫 걸음을 내딛어보시기 바랍니다.
160,ox,소띠,소띠에게 이번 달은 건강과 체력 관리가 중요합니다. 꾸준한 운동 습관을 만들어보시기 바랍니다.
161,ox,소띠,소띠 이번 달은 재물운이 서서히 상승합니다. 중순 이후 좋은 기회가 찾아올 수 있습니다.
162,ox,소띠,소띠 이번 달은 감사하는 마음이 더 큰 행운을 불러옵니다. 주변을 돌아보시기 바랍니다.
163,ox,소띠,소띠에게 이번 달은 건강과 체력 관리가 중요합니다. 꾸준한 운동 습관을 만들어보시기 바랍니다.
164,ox,소띠,소띠에게 이번 달은 새로운 시작을 알리는 달입니다. 오랜 꿈을 향해 첫 걸음을 내딛어보시기 바랍니다.
165,ox,소띠,소띠 이번 달은 감사하는 마음이 더 큰 행운을 불러옵니다. 주변을 돌아보시기 바랍니다.
166,ox,소띠,소띠에게 이번 달은 여행이나 새로운 경험이 큰 영감을 줄 것입니다. 도전을 즐기시기 바랍니다.
167,ox,소띠,소띠에게 이번 달은 새로운 시작을 알리는 달입니다. 오랜 꿈을 향해 첫 걸음을 내딛어보시기 바랍니다.
168,ox,소띠,소띠 이번 달은 감사하는 마음이 더 큰 행운을 불러옵니다. 주변을 돌아보시기 바랍니다.
169,tiger,호랑이띠,호랑이띠에게 이번 달은 인간관계가 풍성해지는 달입니다. 새로운 인연을 소중히 여기시기 바랍니다.
170,tiger,호랑이띠,호랑이띠에게 이번 달은 건강과 체력 관리가 중요합니다. 꾸준한 운동 습관을 만들어보시기 바랍니다.
171,tiger,호랑이띠,호랑이띠에게 이번 달은 건강과 체력 관리가 중요합니다. 꾸준한 운동 습관을 만들어보시기 바랍니다.
172,tiger,호랑이띠,호랑이띠 이번 달은 감사하는 마음이 더 큰 행운을 불러옵니다. 주변을 돌아보시기 바랍니다.
173,tiger,호랑이띠,호랑이띠 이번 달은 직장이나 사업에서 중요한 전환점이 될 수 있습니다. 준비를 철저히 하시기 바랍니다.
174,tiger,호랑이띠,호랑이띠 이번 달은 재물운이 서서히 상승합니다. 중순 이후 좋은 기회가 찾아올 수 있습니다.
175,tiger,호랑이띠,호랑이띠 이번 달은 재물운이 서서히 상승합니다. 중순 이후 좋은 기회가 찾아올 수 있습니다.
176,tiger,호랑이띠,호랑이띠 이번 달은 창의적인 에너지가 넘치는 시기입니다. 예술적 감각을 발휘해보시기 바랍니다.
177,tiger,호랑이띠,호랑이띠 이번 달은 직장이나 사업에서 중요한 전환점이 될 수 있습니다. 준비를 철저히 하시기 바랍니다.
178,tiger,호랑이띠,호랑이띠 이번 달은 재물운이 서서히 상승합니다. 중순 이후 좋은 기회가 찾아올 수 있습니다.
179,tiger,호랑이띠,호랑이띠 이번 달은 재물운이 서서히 상승합니다. 중순 이후 좋은 기회가 찾아올 수 있습니다.
180,tiger,호랑이띠,호랑이띠에게 이번 달은 새로운 시작을 알리는 달입니다. 오랜 꿈을 향해 첫 걸음을 내딛어보시기 바랍니다.
181,tiger,호랑이띠,호랑이띠에게 이번 달은 인간관계가 풍성해지는 달입니다. 새로운 인연을 소중히 여기시기 바랍니다.
182,tiger,호랑이띠,호랑이띠에게 이번 달은 새로운 시작을 알리는 달입니다. 오랜 꿈을 향해 첫 걸음을 내딛어보시기 바랍니다.
183,tiger,호랑이띠,호랑이띠에게 이번 달은 건강과 체력 관리가 중요합니다. 꾸준한 운동 습관을 만들어보시기 바랍니다.
184,tiger,호랑이띠,호랑이띠 이번 달은 창의적인 에너지가 넘치는 시기입니다. 예술적 감각을 발휘해보시기 바랍니다.
185,tiger,호랑이띠,호랑이띠에게 이번 달은 건강과 체력 관리가 중요합니다. 꾸준한 운동 습관을 만들어보시기 바랍니다.
186,tiger,호랑이띠,호랑이띠에게 이번 달은 새로운 시작을 알리는 달입니다. 오랜 꿈을 향해 첫 걸음을 내딛어보시기 바랍니다.
187,tiger,호랑이띠,호랑이띠에게 이번 달은 건강과 체력 관리가 중요합니다. 꾸준한 운동 습관을 만들어보시기 바랍니다.
188,tiger,호랑이띠,호랑이띠에게 이번 달은 인간관계가 풍성해지는 달입니다. 새로운 인연을 소중히 여기시기 바랍니다.
189,tiger,호랑이띠,호랑이띠 이번 달은 창의적인 에너지가 넘치는 시기입니다. 예술적 감각을 발휘해보시기 바랍니다.
190,tiger,호랑이띠,호랑이띠에게 이번 달은 여행이나 새로운 경험이 큰 영감을 줄 것입니다. 도전을 즐기시기 바랍니다.
191,tiger,호랑이띠,호랑이띠에게 이번 달은 인간관계가 풍성해지는 달입니다. 새로운 인연을 소중히 여기시기 바랍니다.
192,tiger,호랑이띠,호랑이띠 이번 달은 직장이나 사업에서 중요한 전환점이 될 수 있습니다. 준비를 철저히 하시기 바랍니다.
193,tiger,호랑이띠,호랑이띠 이번 달은 재물운이 서서히 상승합니다. 중순 이후 좋은 기회가 찾아올 수 있습니다.
194,tiger,호랑이띠,호랑이띠 이번 달은 감사하는 마음이 더 큰 행운을 불러옵니다. 주변을 돌아보시기 바랍니다.
195,tiger,호랑이띠,호랑이띠 이번 달은 감사하는 마음이 더 큰 행운을 불러옵니다. 주변을 돌아보시기 바랍니다.
196,tiger,호랑이띠,호랑이띠에게 이번 달은 건강과 체력 관리가 중요합니다. 꾸준한 운동 습관을 만들어보시기 바랍니다.
197,tiger,호랑이띠,호랑이띠 이번 달은 직장이나 사업에서 중요한 전환점이 될 수 있습니다. 준비를 철저히 하시기 바랍니다.
198,tiger,호랑이띠,호랑이띠에게 이번 달은 건강과 체력 관리가 중요합니다. 꾸준한 운동 습관을 만들어보시기 바랍니다.
199,tiger,호랑이띠,호랑이띠 이번 달은 감사하는 마음이 더 큰 행운을 불러옵니다. 주변을 돌아보시기 바랍니다.
200,tiger,호랑이띠,호랑이띠에게 이번 달은 여행이나 새로운 경험이 큰 영감을 줄 것입니다. 도전을 즐기시기 바랍니다.
201,tiger,호랑이띠,호랑이띠에게 이번 달은 인간관계가 풍성해지는 달입니다. 새로운 인연을 소중히 여기시기 바랍니다.
202,tiger,호랑이띠,호랑이띠 이번 달은 창의적인 에너지가 넘치는 시기입니다. 예술적 감각을 발휘해보시기 바랍니다.
203,tiger,호랑이띠,호랑이띠에게 이번 달은 새로운 시작을 알리는 달입니다. 오랜 꿈을 향해 첫 걸음을 내딛어보시기 바랍니다.
204,tiger,호랑이띠,호랑이띠 이번 달은 직장이나 사업에서 중요한 전환점이 될 수 있습니다. 준비를 철저히 하시기 바랍니다.
205,tiger,호랑이띠,호랑이띠에게 이번 달은 새로운 시작을 알리는 달입니다. 오랜 꿈을 향해 첫 걸음을 내딛어보시기 바랍니다.
206,tiger,호랑이띠,호랑이띠 이번 달은 감사하는 마음이 더 큰 행운을 불러옵니다. 주변을 돌아보시기 바랍니다.
207,tiger,호랑이띠,호랑이띠 이번 달은 감사하는 마음이 더 큰 행운을 불러옵니다. 주변을 돌아보시기 바랍니다.
208,tiger,호랑이띠,호랑이띠에게 이번 달은 새로운 시작을 알리는 달입니다. 오랜 꿈을 향해 첫 걸음을 내딛어보시기 바랍니다.
209,tiger,호랑이띠,호랑이띠에게 이번 달은 건강과 체력 관리가 중요합니다. 꾸준한 운동 습관을 만들어보시기 바랍니다.
210,tiger,호랑이띠,호랑이띠 이번 달은 직장이나 사업에서 중요한 전환점이 될 수 있습니다. 준비를 철저히 하시기 바랍니다.
211,tiger,호랑이띠,호랑이띠에게 이번 달은 여행이나 새로운 경험이 큰 영감을 줄 것입니다. 도전을 즐기시기 바랍니다.
212,tiger,호랑이띠,호랑이띠 이번 달은 감사하는 마음이 더 큰 행운을 불러옵니다. 주변을 돌아보시기 바랍니다.
213,tiger,호랑이띠,호랑이띠 이번 달은 감사하는 마음이 더 큰 행운을 불러옵니다. 주변을 돌아보시기 바랍니다.
214,tiger,호랑이띠,호랑이띠에게 이번 달은 새로운 시작을 알리는 달입니다. 오랜 꿈을 향해 첫 걸음을 내딛어보시기 바랍니다.
215,tiger,호랑이띠,호랑이띠에게 이번 달은 새로운 시작을 알리는 달입니다. 오랜 꿈을 향해 첫 걸음을 내딛어보시기 바랍니다.
216,tiger,호랑이띠,호랑이띠에게 이번 달은 건강과 체력 관리가 중요합니다. 꾸준한 운동 습관을 만들어보시기 바랍니다.
217,tiger,호랑이띠,호랑이띠에게 이번 달은 인간관계가 풍성해지는 달입니다. 새로운 인연을 소중히 여기시기 바랍니다.
218,tiger,호랑이띠,호랑이띠 이번 달은 직장이나 사업에서 중요한 전환점이 될 수 있습니다. 준비를 철저히 하시기 바랍니다.
219,tiger,호랑이띠,호랑이띠 이번 달은 감사하는 마음이 더 큰 행운을 불러옵니다. 주변을 돌아보시기 바랍니다.
220,tiger,호랑이띠,호랑이띠에게 이번 달은 새로운 시작을 알리는 달입니다. 오랜 꿈을 향해 첫 걸음을 내딛어보시기 바랍니다.
221,tiger,호랑이띠,호랑이띠 이번 달은 창의적인 에너지가 넘치는 시기입니다. 예술적 감각을 발휘해보시기 바랍니다.
222,tiger,호랑이띠,호랑이띠 이번 달은 창의적인 에너지가 넘치는 시기입니다. 예술적 감각을 발휘해보시기 바랍니다.
223,tiger,호랑이띠,호랑이띠에게 이번 달은 인간관계가 풍성해지는 달입니다. 새로운 인연을 소중히 여기시기 바랍니다.
224,tiger,호랑이띠,호랑이띠 이번 달은 재물운이 서서히 상승합니다. 중순 이후 좋은 기회가 찾아올 수 있습니다.
225,tiger,호랑이띠,호랑이띠에게 이번 달은 새로운 시작을 알리는 달입니다. 오랜 꿈을 향해 첫 걸음을 내딛어보시기 바랍니다.
226,tiger,호랑이띠,호랑이띠 이번 달은 창의적인 에너지가 넘치는 시기입니다. 예술적 감각을 발휘해보시기 바랍니다.
227,tiger,호랑이띠,호랑이띠에게 이번 달은 인간관계가 풍성해지는 달입니다. 새로운 인연을 소중히 여기시기 바랍니다.
228,tiger,호랑이띠,호랑이띠에게 이번 달은 인간관계가 풍성해지는 달입니다. 새로운 인연을 소중히 여기시기 바랍니다.
229,tiger,호랑이띠,호랑이띠 이번 달은 직장이나 사업에서 중요한 전환점이 될 수 있습니다. 준비를 철저히 하시기 바랍니다.
230,tiger,호랑이띠,호랑이띠 이번 달은 직장이나 사업에서 중요한 전환점이 될 수 있습니다. 준비를 철저히 하시기 바랍니다.
231,tiger,호랑이띠,호랑이띠 이번 달은 감사하는 마음이 더 큰 행운을 불러옵니다. 주변을 돌아보시기 바랍니다.
232,tiger,호랑이띠,호랑이띠에게 이번 달은 건강과 체력 관리가 중요합니다. 꾸준한 운동 습관을 만들어보시기 바랍니다.
233,tiger,호랑이띠,호랑이띠 이번 달은 재물운이 서서히 상승합니다. 중순 이후 좋은 기회가 찾아올 수 있습니다.
234,tiger,호랑이띠,호랑이띠 이번 달은 재물운이 서서히 상승합니다. 중순 이후 좋은 기회가 찾아올 수 있습니다.
235,tiger,호랑이띠,호랑이띠에게 이번 달은 새로운 시작을 알리는 달입니다. 오랜 꿈을 향해 첫 걸음을 내딛어보시기 바랍니다.
236,tiger,호랑이띠,호랑이띠에게 이번 달은 여행이나 새로운 경험이 큰 영감을 줄 것입니다. 도전을 즐기시기 바랍니다.
237,tiger,호랑이띠,호랑이띠 이번 달은 재물운이 서서히 상승합니다. 중순 이후 좋은 기회가 찾아올 수 있습니다.
238,tiger,호랑이띠,호랑이띠에게 이번 달은 인간관계가 풍성해지는 달입니다. 새로운 인연을 소중히 여기시기 바랍니다.
239,tiger,호랑이띠,호랑이띠에게 이번 달은 여행이나 새로운 경험이 큰 영감을 줄 것입니다. 도전을 즐기시기 바랍니다.
240,tiger,호랑이띠,호랑이띠 이번 달은 재물운이 서서히 상승합니다. 중순 이후 좋은 기회가 찾아올 수 있습니다.
241,tiger,호랑이띠,호랑이띠 이번 달은 직장이나 사업에서 중요한 전환점이 될 수 있습니다. 준비를 철저히 하시기 바랍니다.
242,tiger,호랑이띠,호랑이띠 이번 달은 창의적인 에너지가 넘치는 시기입니다. 예술적 감각을 발휘해보시기 바랍니다.
243,tiger,호랑이띠,호랑이띠 이번 달은 직장이나 사업에서 중요한 전환점이 될 수 있습니다. 준비를 철저히 하시기 바랍니다.
244,tiger,호랑이띠,호랑이띠 이번 달은 재물운이 서서히 상승합니다. 중순 이후 좋은 기회가 찾아올 수 있습니다.
245,tiger,호랑이띠,호랑이띠 이번 달은 직장이나 사업에서 중요한 전환점이 될 수 있습니다. 준비를 철저히 하시기 바랍니다.
246,tiger,호랑이띠,호랑이띠 이번 달은 직장이나 사업에서 중요한 전환점이 될 수 있습니다. 준비를 철저히 하시기 바랍니다.
247,tiger,호랑이띠,호랑이띠 이번 달은 창의적인 에너지가 넘치는 시기입니다. 예술적 감각을 발휘해보시기 바랍니다.
248,tiger,호랑이띠,호랑이띠에게 이번 달은 건강과 체력 관리가 중요합니다. 꾸준한 운동 습관을 만들어보시기 바랍니다.
249,tiger,호랑이띠,호랑이띠에게 이번 달은 건강과 체력 관리가 중요합니다. 꾸준한 운동 습관을 만들어보시기 바랍니다.
250,tiger,호랑이띠,호랑이띠에게 이번 달은 건강과 체력 관리가 중요합니다. 꾸준한 운동 습관을 만들어보시기 바랍니다.
251,tiger,호랑이띠,호랑이띠 이번 달은 재물운이 서서히 상승합니다. 중순 이후 좋은 기회가 찾아올 수 있습니다.
252,tiger,호랑이띠,호랑이띠 이번 달은 재물운이 서서히 상승합니다. 중순 이후 좋은 기회가 찾아올 수 있습니다.
253,rabbit,토끼띠,토끼띠 이번 달은 창의적인 에너지가 넘치는 시기입니다. 예술적 감각을 발휘해보시기 바랍니다.
254,rabbit,토끼띠,토끼띠 이번 달은 창의적인 에너지가 넘치는 시기입니다. 예술적 감각을 발휘해보시기 바랍니다.
255,rabbit,토끼띠,토끼띠에게 이번 달은 인간관계가 풍성해지는 달입니다. 새로운 인연을 소중히 여기시기 바랍니다.
256,rabbit,토끼띠,토끼띠 이번 달은 직장이나 사업에서 중요한 전환점이 될 수 있습니다. 준비를 철저히 하시기 바랍니다.
257,rabbit,토끼띠,토끼띠 이번 달은 감사하는 마음이 더 큰 행운을 불러옵니다. 주변을 돌아보시기 바랍니다.
258,rabbit,토끼띠,토끼띠 이번 달은 감사하는 마음이 더 큰 행운을 불러옵니다. 주변을 돌아보시기 바랍니다.
259,rabbit,토끼띠,토끼띠에게 이번 달은 여행이나 새로운 경험이 큰 영감을 줄 것입니다. 도전을 즐기시기 바랍니다.
260,rabbit,토끼띠,토끼띠에게 이번 달은 여행이나 새로운 경험이 큰 영감을 줄 것입니다. 도전을 즐기시기 바랍니다.
261,rabbit,토끼띠,토끼띠 이번 달은 직장이나 사업에서 중요한 전환점이 될 수 있습니다. 준비를 철저히 하시기 바랍니다.
262,rabbit,토끼띠,토끼띠 이번 달은 감사하는 마음이 더 큰 행운을 불러옵니다. 주변을 돌아보시기 바랍니다.
263,rabbit,토끼띠,토끼띠 이번 달은 감사하는 마음이 더 큰 행운을 불러옵니다. 주변을 돌아보시기 바랍니다.
264,rabbit,토끼띠,토끼띠에게 이번 달은 새로운 시작을 알리는 달입니다. 오랜 꿈을 향해 첫 걸음을 내딛어보시기 바랍니다.
265,rabbit,토끼띠,토끼띠에게 이번 달은 여행이나 새로운 경험이 큰 영감을 줄 것입니다. 도전을 즐기시기 바랍니다.
266,rabbit,토끼띠,토끼띠 이번 달은 감사하는 마음이 더 큰 행운을 불러옵니다. 주변을 돌아보시기 바랍니다.
267,rabbit,토끼띠,토끼띠 이번 달은 감사하는 마음이 더 큰 행운을 불러옵니다. 주변을 돌아보시기 바랍니다.
268,rabbit,토끼띠,토끼띠에게 이번 달은 인간관계가 풍성해지는 달입니다. 새로운 인연을 소중히 여기시기 바랍니다.
269,rabbit,토끼띠,토끼띠 이번 달은 재물운이 서서히 상승합니다. 중순 이후 좋은 기회가 찾아올 수 있습니다.
270,rabbit,토끼띠,토끼띠에게 이번 달은 인간관계가 풍성해지는 달입니다. 새로운 인연을 소중히 여기시기 바랍니다.
271,rabbit,토끼띠,토끼띠에게 이번 달은 새로운 시작을 알리는 달입니다. 오랜 꿈을 향해 첫 걸음을 내딛어보시기 바랍니다.
272,rabbit,토끼띠,토끼띠에게 이번 달은 여행이나 새로운 경험이 큰 영감을 줄 것입니다. 도전을 즐기시기 바랍니다.
273,rabbit,토끼띠,토끼띠 이번 달은 직장이나 사업에서 중요한 전환점이 될 수 있습니다. 준비를 철저히 하시기 바랍니다.
274,rabbit,토끼띠,토끼띠에게 이번 달은 인간관계가 풍성해지는 달입니다. 새로운 인연을 소중히 여기시기 바랍니다.
275,rabbit,토끼띠,토끼띠에게 이번 달은 새로운 시작을 알리는 달입니다. 오랜 꿈을 향해 첫 걸음을 내딛어보시기 바랍니다.
276,rabbit,토끼띠,토끼띠 이번 달은 직장이나 사업에서 중요한 전환점이 될 수 있습니다. 준비를 철저히 하시기 바랍니다.
277,rabbit,토끼띠,토끼띠 이번 달은 감사하는 마음이 더 큰 행운을 불러옵니다. 주변을 돌아보시기 바랍니다.
278,rabbit,토끼띠,토끼띠 이번 달은 감사하는 마음이 더 큰 행운을 불러옵니다. 주변을 돌아보시기 바랍니다.
279,rabbit,토끼띠,토끼띠 이번 달은 재물운이 서서히 상승합니다. 중순 이후 좋은 기회가 찾아올 수 있습니다.
280,rabbit,토끼띠,토끼띠 이번 달은 직장이나 사업에서 중요한 전환점이 될 수 있습니다. 준비를 철저히 하시기 바랍니다.
281,rabbit,토끼띠,토끼띠 이번 달은 창의적인 에너지가 넘치는 시기입니다. 예술적 감각을 발휘해보시기 바랍니다.
282,rabbit,토끼띠,토끼띠 이번 달은 직장이나 사업에서 중요한 전환점이 될 수 있습니다. 준비를 철저히 하시기 바랍니다.
283,rabbit,토끼띠,토끼띠 이번 달은 창의적인 에너지가 넘치는 시기입니다. 예술적 감각을 발휘해보시기 바랍니다.
284,rabbit,토끼띠,토끼띠 이번 달은 재물운이 서서히 상승합니다. 중순 이후 좋은 기회가 찾아올 수 있습니다.
285,rabbit,토끼띠,토끼띠에게 이번 달은 새로운 시작을 알리는 달입니다. 오랜 꿈을 향해 첫 걸음을 내딛어보시기 바랍니다.
286,rabbit,토끼띠,토끼띠에게 이번 달은 인간관계가 풍성해지는 달입니다. 새로운 인연을 소중히 여기시기 바랍니다.
287,rabbit,토끼띠,토끼띠 이번 달은 직장이나 사업에서 중요한 전환점이 될 수 있습니다. 준비를 철저히 하시기 바랍니다.
288,rabbit,토끼띠,토끼띠에게 이번 달은 새로운 시작을 알리는 달입니다. 오랜 꿈을 향해 첫 걸음을 내딛어보시기 바랍니다.
289,rabbit,토끼띠,토끼띠에게 이번 달은 건강과 체력 관리가 중요합니다. 꾸준한 운동 습관을 만들어보시기 바랍니다.
290,rabbit,토끼띠,토끼띠에게 이번 달은 여행이나 새로운 경험이 큰 영감을 줄 것입니다. 도전을 즐기시기 바랍니다.
291,rabbit,토끼띠,토끼띠에게 이번 달은 건강과 체력 관리가 중요합니다. 꾸준한 운동 습관을 만들어보시기 바랍니다.
292,rabbit,토끼띠,토끼띠에게 이번 달은 건강과 체력 관리가 중요합니다. 꾸준한 운동 습관을 만들어보시기 바랍니다.
293,rabbit,토끼띠,토끼띠에게 이번 달은 여행이나 새로운 경험이 큰 영감을 줄 것입니다. 도전을 즐기시기 바랍니다.
294,rabbit,토끼띠,토끼띠 이번 달은 창의적인 에너지가 넘치는 시기입니다. 예술적 감각을 발휘해보시기 바랍니다.
295,rabbit,토끼띠,토끼띠에게 이번 달은 새로운 시작을 알리는 달입니다. 오랜 꿈을 향해 첫 걸음을 내딛어보시기 바랍니다.
296,rabbit,토끼띠,토끼띠 이번 달은 감사하는 마음이 더 큰 행운을 불러옵니다. 주변을 돌아보시기 바랍니다.
297,rabbit,토끼띠,토끼띠 이번 달은 재물운이 서서히 상승합니다. 중순 이후 좋은 기회가 찾아올 수 있습니다.
298,rabbit,토끼띠,토끼띠에게 이번 달은 인간관계가 풍성해지는 달입니다. 새로운 인연을 소중히 여기시기 바랍니다.
299,rabbit,토끼띠,토끼띠에게 이번 달은 인간관계가 풍성해지는 달입니다. 새로운 인연을 소중히 여기시기 바랍니다.
300,rabbit,토끼띠,토끼띠 이번 달은 직장이나 사업에서 중요한 전환점이 될 수 있습니다. 준비를 철저히 하시기 바랍니다.
301,rabbit,토끼띠,토끼띠에게 이번 달은 건강과 체력 관리가 중요합니다. 꾸준한 운동 습관을 만들어보시기 바랍니다.
302,rabbit,토끼띠,토끼띠 이번 달은 감사하는 마음이 더 큰 행운을 불러옵니다. 주변을 돌아보시기 바랍니다.
303,rabbit,토끼띠,토끼띠 이번 달은 직장이나 사업에서 중요한 전환점이 될 수 있습니다. 준비를 철저히 하시기 바랍니다.
304,rabbit,토끼띠,토끼띠에게 이번 달은 새로운 시작을 알리는 달입니다. 오랜 꿈을 향해 첫 걸음을 내딛어보시기 바랍니다.
305,rabbit,토끼띠,토끼띠 이번 달은 창의적인 에너지가 넘치는 시기입니다. 예술적 감각을 발휘해보시기 바랍니다.
306,rabbit,토끼띠,토끼띠 이번 달은 창의적인 에너지가 넘치는 시기입니다. 예술적 감각을 발휘해보시기 바랍니다.
307,rabbit,토끼띠,토끼띠 이번 달은 재물운이 서서히 상승합니다. 중순 이후 좋은 기회가 찾아올 수 있습니다.
308,rabbit,토끼띠,토끼띠 이번 달은 감사하는 마음이 더 큰 행운을 불러옵니다. 주변을 돌아보시기 바랍니다.
309,rabbit,토끼띠,토끼띠에게 이번 달은 건강과 체력 관리가 중요합니다. 꾸준한 운동 습관을 만들어보시기 바랍니다.
310,rabbit,토끼띠,토끼띠에게 이번 달은 건강과 체력 관리가 중요합니다. 꾸준한 운동 습관을 만들어보시기 바랍니다.
311,rabbit,토끼띠,토끼띠 이번 달은 감사하는 마음이 더 큰 행운을 불러옵니다. 주변을 돌아보시기 바랍니다.
312,rabbit,토끼띠,토끼띠에게 이번 달은 건강과 체력 관리가 중요합니다. 꾸준한 운동 습관을 만들어보시기 바랍니다.
313,rabbit,토끼띠,토끼띠 이번 달은 창의적인 에너지가 넘치는 시기입니다. 예술적 감각을 발휘해보시기 바랍니다.
314,rabbit,토끼띠,토끼띠에게 이번 달은 건강과 체력 관리가 중요합니다. 꾸준한 운동 습관을 만들어보시기 바랍니다.
315,rabbit,토끼띠,토끼띠 이번 달은 창의적인 에너지가 넘치는 시기입니다. 예술적 감각을 발휘해보시기 바랍니다.
316,rabbit,토끼띠,토끼띠 이번 달은 재물운이 서서히 상승합니다. 중순 이후 좋은 기회가 찾아올 수 있습니다.
317,rabbit,토끼띠,토끼띠 이번 달은 감사하는 마음이 더 큰 행운을 불러옵니다. 주변을 돌아보시기 바랍니다.
318,rabbit,토끼띠,토끼띠에게 이번 달은 새로운 시작을 알리는 달입니다. 오랜 꿈을 향해 첫 걸음을 내딛어보시기 바랍니다.
319,rabbit,토끼띠,토끼띠에게 이번 달은 건강과 체력 관리가 중요합니다. 꾸준한 운동 습관을 만들어보시기 바랍니다.
320,rabbit,토끼띠,토끼띠에게 이번 달은 건강과 체력 관리가 중요합니다. 꾸준한 운동 습관을 만들어보시기 바랍니다.
321,rabbit,토끼띠,토끼띠 이번 달은 감사하는 마음이 더 큰 행운을 불러옵니다. 주변을 돌아보시기 바랍니다.
322,rabbit,토끼띠,토끼띠에게 이번 달은 여행이나 새로운 경험이 큰 영감을 줄 것입니다. 도전을 즐기시기 바랍니다.
323,rabbit,토끼띠,토끼띠 이번 달은 재물운이 서서히 상승합니다. 중순 이후 좋은 기회가 찾아올 수 있습니다.
324,rabbit,토끼띠,토끼띠에게 이번 달은 여행이나 새로운 경험이 큰 영감을 줄 것입니다. 도전을 즐기시기 바랍니다.
325,rabbit,토끼띠,토끼띠에게 이번 달은 새로운 시작을 알리는 달입니다. 오랜 꿈을 향해 첫 걸음을 내딛어보시기 바랍니다.
326,rabbit,토끼띠,토끼띠 이번 달은 창의적인 에너지가 넘치는 시기입니다. 예술적 감각을 발휘해보시기 바랍니다.
327,rabbit,토끼띠,토끼띠에게 이번 달은 여행이나 새로운 경험이 큰 영감을 줄 것입니다. 도전을 즐기시기 바랍니다.
328,rabbit,토끼띠,토끼띠에게 이번 달은 건강과 체력 관리가 중요합니다. 꾸준한 운동 습관을 만들어보시기 바랍니다.
329,rabbit,토끼띠,토끼띠 이번 달은 직장이나 사업에서 중요한 전환점이 될 수 있습니다. 준비를 철저히 하시기 바랍니다.
330,rabbit,토끼띠,토끼띠에게 이번 달은 인간관계가 풍성해지는 달입니다. 새로운 인연을 소중히 여기시기 바랍니다.
331,rabbit,토끼띠,토끼띠 이번 달은 재물운이 서서히 상승합니다. 중순 이후 좋은 기회가 찾아올 수 있습니다.
332,rabbit,토끼띠,토끼띠에게 이번 달은 새로운 시작을 알리는 달입니다. 오랜 꿈을 향해 첫 걸음을 내딛어보시기 바랍니다.
333,rabbit,토끼띠,토끼띠 이번 달은 감사하는 마음이 더 큰 행운을 불러옵니다. 주변을 돌아보시기 바랍니다.
334,rabbit,토끼띠,토끼띠에게 이번 달은 새로운 시작을 알리는 달입니다. 오랜 꿈을 향해 첫 걸음을 내딛어보시기 바랍니다.
335,rabbit,토끼띠,토끼띠에게 이번 달은 새로운 시작을 알리는 달입니다. 오랜 꿈을 향해 첫 걸음을 내딛어보시기 바랍니다.
336,rabbit,토끼띠,토끼띠에게 이번 달은 여행이나 새로운 경험이 큰 영감을 줄 것입니다. 도전을 즐기시기 바랍니다.
337,dragon,용띠,용띠 이번 달은 창의적인 에너지가 넘치는 시기입니다. 예술적 감각을 발휘해보시기 바랍니다.
338,dragon,용띠,용띠에게 이번 달은 건강과 체력 관리가 중요합니다. 꾸준한 운동 습관을 만들어보시기 바랍니다.
339,dragon,용띠,용띠 이번 달은 창의적인 에너지가 넘치는 시기입니다. 예술적 감각을 발휘해보시기 바랍니다.
340,dragon,용띠,용띠 이번 달은 감사하는 마음이 더 큰 행운을 불러옵니다. 주변을 돌아보시기 바랍니다.
341,dragon,용띠,용띠 이번 달은 창의적인 에너지가 넘치는 시기입니다. 예술적 감각을 발휘해보시기 바랍니다.
342,dragon,용띠,용띠에게 이번 달은 인간관계가 풍성해지는 달입니다. 새로운 인연을 소중히 여기시기 바랍니다.
343,dragon,용띠,용띠 이번 달은 창의적인 에너지가 넘치는 시기입니다. 예술적 감각을 발휘해보시기 바랍니다.
344,dragon,용띠,용띠에게 이번 달은 인간관계가 풍성해지는 달입니다. 새로운 인연을 소중히 여기시기 바랍니다.
345,dragon,용띠,용띠 이번 달은 직장이나 사업에서 중요한 전환점이 될 수 있습니다. 준비를 철저히 하시기 바랍니다.
346,dragon,용띠,용띠에게 이번 달은 인간관계가 풍성해지는 달입니다. 새로운 인연을 소중히 여기시기 바랍니다.
347,dragon,용띠,용띠 이번 달은 직장이나 사업에서 중요한 전환점이 될 수 있습니다. 준비를 철저히 하시기 바랍니다.
348,dragon,용띠,용띠 이번 달은 직장이나 사업에서 중요한 전환점이 될 수 있습니다. 준비를 철저히 하시기 바랍니다.
349,dragon,용띠,용띠 이번 달은 감사하는 마음이 더 큰 행운을 불러옵니다. 주변을 돌아보시기 바랍니다.
350,dragon,용띠,용띠에게 이번 달은 인간관계가 풍성해지는 달입니다. 새로운 인연을 소중히 여기시기 바랍니다.
351,dragon,용띠,용띠 이번 달은 재물운이 서서히 상승합니다. 중순 이후 좋은 기회가 찾아올 수 있습니다.
352,dragon,용띠,용띠 이번 달은 재물운이 서서히 상승합니다. 중순 이후 좋은 기회가 찾아올 수 있습니다.
353,dragon,용띠,용띠에게 이번 달은 여행이나 새로운 경험이 큰 영감을 줄 것입니다. 도전을 즐기시기 바랍니다.
354,dragon,용띠,용띠에게 이번 달은 건강과 체력 관리가 중요합니다. 꾸준한 운동 습관을 만들어보시기 바랍니다.
355,dragon,용띠,용띠 이번 달은 감사하는 마음이 더 큰 행운을 불러옵니다. 주변을 돌아보시기 바랍니다.
356,dragon,용띠,용띠 이번 달은 재물운이 서서히 상승합니다. 중순 이후 좋은 기회가 찾아올 수 있습니다.
357,dragon,용띠,용띠 이번 달은 직장이나 사업에서 중요한 전환점이 될 수 있습니다. 준비를 철저히 하시기 바랍니다.
358,dragon,용띠,용띠에게 이번 달은 여행이나 새로운 경험이 큰 영감을 줄 것입니다. 도전을 즐기시기 바랍니다.
359,dragon,용띠,용띠에게 이번 달은 건강과 체력 관리가 중요합니다. 꾸준한 운동 습관을 만들어보시기 바랍니다.
360,dragon,용띠,용띠에게 이번 달은 여행이나 새로운 경험이 큰 영감을 줄 것입니다. 도전을 즐기시기 바랍니다.
361,dragon,용띠,용띠 이번 달은 감사하는 마음이 더 큰 행운을 불러옵니다. 주변을 돌아보시기 바랍니다.
362,dragon,용띠,용띠 이번 달은 감사하는 마음이 더 큰 행운을 불러옵니다. 주변을 돌아보시기 바랍니다.
363,dragon,용띠,용띠에게 이번 달은 새로운 시작을 알리는 달입니다. 오랜 꿈을 향해 첫 걸음을 내딛어보시기 바랍니다.
364,dragon,용띠,용띠 이번 달은 감사하는 마음이 더 큰 행운을 불러옵니다. 주변을 돌아보시기 바랍니다.
365,dragon,용띠,용띠 이번 달은 재물운이 서서히 상승합니다. 중순 이후 좋은 기회가 찾아올 수 있습니다.
366,dragon,용띠,용띠에게 이번 달은 건강과 체력 관리가 중요합니다. 꾸준한 운동 습관을 만들어보시기 바랍니다.
367,dragon,용띠,용띠 이번 달은 창의적인 에너지가 넘치는 시기입니다. 예술적 감각을 발휘해보시기 바랍니다.
368,dragon,용띠,용띠에게 이번 달은 인간관계가 풍성해지는 달입니다. 새로운 인연을 소중히 여기시기 바랍니다.
369,dragon,용띠,용띠에게 이번 달은 여행이나 새로운 경험이 큰 영감을 줄 것입니다. 도전을 즐기시기 바랍니다.
370,dragon,용띠,용띠에게 이번 달은 여행이나 새로운 경험이 큰 영감을 줄 것입니다. 도전을 즐기시기 바랍니다.
371,dragon,용띠,용띠 이번 달은 직장이나 사업에서 중요한 전환점이 될 수 있습니다. 준비를 철저히 하시기 바랍니다.
372,dragon,용띠,용띠에게 이번 달은 여행이나 새로운 경험이 큰 영감을 줄 것입니다. 도전을 즐기시기 바랍니다.
373,dragon,용띠,용띠에게 이번 달은 인간관계가 풍성해지는 달입니다. 새로운 인연을 소중히 여기시기 바랍니다.
374,dragon,용띠,용띠 이번 달은 직장이나 사업에서 중요한 전환점이 될 수 있습니다. 준비를 철저히 하시기 바랍니다.
375,dragon,용띠,용띠에게 이번 달은 여행이나 새로운 경험이 큰 영감을 줄 것입니다. 도전을 즐기시기 바랍니다.
376,dragon,용띠,용띠 이번 달은 재물운이 서서히 상승합니다. 중순 이후 좋은 기회가 찾아올 수 있습니다.
377,dragon,용띠,용띠에게 이번 달은 건강과 체력 관리가 중요합니다. 꾸준한 운동 습관을 만들어보시기 바랍니다.
378,dragon,용띠,용띠 이번 달은 재물운이 서서히 상승합니다. 중순 이후 좋은 기회가 찾아올 수 있습니다.
379,dragon,용띠,용띠 이번 달은 감사하는 마음이 더 큰 행운을 불러옵니다. 주변을 돌아보시기 바랍니다.
380,dragon,용띠,용띠 이번 달은 감사하는 마음이 더 큰 행운을 불러옵니다. 주변을 돌아보시기 바랍니다.
381,dragon,용띠,용띠에게 이번 달은 인간관계가 풍성해지는 달입니다. 새로운 인연을 소중히 여기시기 바랍니다.
382,dragon,용띠,용띠에게 이번 달은 새로운 시작을 알리는 달입니다. 오랜 꿈을 향해 첫 걸음을 내딛어보시기 바랍니다.
383,dragon,용띠,용띠 이번 달은 감사하는 마음이 더 큰 행운을 불러옵니다. 주변을 돌아보시기 바랍니다.
384,dragon,용띠,용띠 이번 달은 재물운이 서서히 상승합니다. 중순 이후 좋은 기회가 찾아올 수 있습니다.
385,dragon,용띠,용띠 이번 달은 감사하는 마음이 더 큰 행운을 불러옵니다. 주변을 돌아보시기 바랍니다.
386,dragon,용띠,용띠에게 이번 달은 새로운 시작을 알리는 달입니다. 오랜 꿈을 향해 첫 걸음을 내딛어보시기 바랍니다.
387,dragon,용띠,용띠에게 이번 달은 건강과 체력 관리가 중요합니다. 꾸준한 운동 습관을 만들어보시기 바랍니다.
388,dragon,용띠,용띠 이번 달은 감사하는 마음이 더 큰 행운을 불러옵니다. 주변을 돌아보시기 바랍니다.
389,dragon,용띠,용띠 이번 달은 직장이나 사업에서 중요한 전환점이 될 수 있습니다. 준비를 철저히 하시기 바랍니다.
390,dragon,용띠,용띠 이번 달은 재물운이 서서히 상승합니다. 중순 이후 좋은 기회가 찾아올 수 있습니다.
391,dragon,용띠,용띠 이번 달은 감사하는 마음이 더 큰 행운을 불러옵니다. 주변을 돌아보시기 바랍니다.
392,dragon,용띠,용띠 이번 달은 창의적인 에너지가 넘치는 시기입니다. 예술적 감각을 발휘해보시기 바랍니다.
393,dragon,용띠,용띠 이번 달은 감사하는 마음이 더 큰 행운을 불러옵니다. 주변을 돌아보시기 바랍니다.
394,dragon,용띠,용띠 이번 달은 직장이나 사업에서 중요한 전환점이 될 수 있습니다. 준비를 철저히 하시기 바랍니다.
395,dragon,용띠,용띠 이번 달은 직장이나 사업에서 중요한 전환점이 될 수 있습니다. 준비를 철저히 하시기 바랍니다.
396,dragon,용띠,용띠에게 이번 달은 새로운 시작을 알리는 달입니다. 오랜 꿈을 향해 첫 걸음을 내딛어보시기 바랍니다.
397,dragon,용띠,용띠에게 이번 달은 인간관계가 풍성해지는 달입니다. 새로운 인연을 소중히 여기시기 바랍니다.
398,dragon,용띠,용띠 이번 달은 직장이나 사업에서 중요한 전환점이 될 수 있습니다. 준비를 철저히 하시기 바랍니다.
399,dragon,용띠,용띠 이번 달은 재물운이 서서히 상승합니다. 중순 이후 좋은 기회가 찾아올 수 있습니다.
400,dragon,용띠,용띠에게 이번 달은 건강과 체력 관리가 중요합니다. 꾸준한 운동 습관을 만들어보시기 바랍니다.
401,dragon,용띠,용띠에게 이번 달은 여행이나 새로운 경험이 큰 영감을 줄 것입니다. 도전을 즐기시기 바랍니다.
402,dragon,용띠,용띠 이번 달은 직장이나 사업에서 중요한 전환점이 될 수 있습니다. 준비를 철저히 하시기 바랍니다.
403,dragon,용띠,용띠 이번 달은 재물운이 서서히 상승합니다. 중순 이후 좋은 기회가 찾아올 수 있습니다.
404,dragon,용띠,용띠에게 이번 달은 건강과 체력 관리가 중요합니다. 꾸준한 운동 습관을 만들어보시기 바랍니다.
405,dragon,용띠,용띠에게 이번 달은 인간관계가 풍성해지는 달입니다. 새로운 인연을 소중히 여기시기 바랍니다.
406,dragon,용띠,용띠에게 이번 달은 여행이나 새로운 경험이 큰 영감을 줄 것입니다. 도전을 즐기시기 바랍니다.
407,dragon,용띠,용띠에게 이번 달은 새로운 시작을 알리는 달입니다. 오랜 꿈을 향해 첫 걸음을 내딛어보시기 바랍니다.
408,dragon,용띠,용띠에게 이번 달은 건강과 체력 관리가 중요합니다. 꾸준한 운동 습관을 만들어보시기 바랍니다.
409,dragon,용띠,용띠 이번 달은 직장이나 사업에서 중요한 전환점이 될 수 있습니다. 준비를 철저히 하시기 바랍니다.
410,dragon,용띠,용띠에게 이번 달은 건강과 체력 관리가 중요합니다. 꾸준한 운동 습관을 만들어보시기 바랍니다.
411,dragon,용띠,용띠에게 이번 달은 새로운 시작을 알리는 달입니다. 오랜 꿈을 향해 첫 걸음을 내딛어보시기 바랍니다.
412,dragon,용띠,용띠 이번 달은 직장이나 사업에서 중요한 전환점이 될 수 있습니다. 준비를 철저히 하시기 바랍니다.
413,dragon,용띠,용띠 이번 달은 재물운이 서서히 상승합니다. 중순 이후 좋은 기회가 찾아올 수 있습니다.
414,dragon,용띠,용띠 이번 달은 창의적인 에너지가 넘치는 시기입니다. 예술적 감각을 발휘해보시기 바랍니다.
415,dragon,용띠,용띠에게 이번 달은 인간관계가 풍성해지는 달입니다. 새로운 인연을 소중히 여기시기 바랍니다.
416,dragon,용띠,용띠에게 이번 달은 인간관계가 풍성해지는 달입니다. 새로운 인연을 소중히 여기시기 바랍니다.
417,dragon,용띠,용띠에게 이번 달은 인간관계가 풍성해지는 달입니다. 새로운 인연을 소중히 여기시기 바랍니다.
418,dragon,용띠,용띠 이번 달은 감사하는 마음이 더 큰 행운을 불러옵니다. 주변을 돌아보시기 바랍니다.
419,dragon,용띠,용띠에게 이번 달은 인간관계가 풍성해지는 달입니다. 새로운 인연을 소중히 여기시기 바랍니다.
420,dragon,용띠,용띠 이번 달은 직장이나 사업에서 중요한 전환점이 될 수 있습니다. 준비를 철저히 하시기 바랍니다.
421,snake,뱀띠,뱀띠 이번 달은 재물운이 서서히 상승합니다. 중순 이후 좋은 기회가 찾아올 수 있습니다.
422,snake,뱀띠,뱀띠에게 이번 달은 인간관계가 풍성해지는 달입니다. 새로운 인연을 소중히 여기시기 바랍니다.
423,snake,뱀띠,뱀띠 이번 달은 감사하는 마음이 더 큰 행운을 불러옵니다. 주변을 돌아보시기 바랍니다.
424,snake,뱀띠,뱀띠 이번 달은 재물운이 서서히 상승합니다. 중순 이후 좋은 기회가 찾아올 수 있습니다.
425,snake,뱀띠,뱀띠 이번 달은 창의적인 에너지가 넘치는 시기입니다. 예술적 감각을 발휘해보시기 바랍니다.
426,snake,뱀띠,뱀띠에게 이번 달은 인간관계가 풍성해지는 달입니다. 새로운 인연을 소중히 여기시기 바랍니다.
427,snake,뱀띠,뱀띠 이번 달은 창의적인 에너지가 넘치는 시기입니다. 예술적 감각을 발휘해보시기 바랍니다.
428,snake,뱀띠,뱀띠 이번 달은 직장이나 사업에서 중요한 전환점이 될 수 있습니다. 준비를 철저히 하시기 바랍니다.
429,snake,뱀띠,뱀띠 이번 달은 창의적인 에너지가 넘치는 시기입니다. 예술적 감각을 발휘해보시기 바랍니다.
430,snake,뱀띠,뱀띠에게 이번 달은 여행이나 새로운 경험이 큰 영감을 줄 것입니다. 도전을 즐기시기 바랍니다.
431,snake,뱀띠,뱀띠에게 이번 달은 인간관계가 풍성해지는 달입니다. 새로운 인연을 소중히 여기시기 바랍니다.
432,snake,뱀띠,뱀띠에게 이번 달은 인간관계가 풍성해지는 달입니다. 새로운 인연을 소중히 여기시기 바랍니다.
433,snake,뱀띠,뱀띠 이번 달은 창의적인 에너지가 넘치는 시기입니다. 예술적 감각을 발휘해보시기 바랍니다.
434,snake,뱀띠,뱀띠에게 이번 달은 인간관계가 풍성해지는 달입니다. 새로운 인연을 소중히 여기시기 바랍니다.
435,snake,뱀띠,뱀띠 이번 달은 감사하는 마음이 더 큰 행운을 불러옵니다. 주변을 돌아보시기 바랍니다.
436,snake,뱀띠,뱀띠 이번 달은 창의적인 에너지가 넘치는 시기입니다. 예술적 감각을 발휘해보시기 바랍니다.
437,snake,뱀띠,뱀띠에게 이번 달은 건강과 체력 관리가 중요합니다. 꾸준한 운동 습관을 만들어보시기 바랍니다.
438,snake,뱀띠,뱀띠에게 이번 달은 건강과 체력 관리가 중요합니다. 꾸준한 운동 습관을 만들어보시기 바랍니다.
439,snake,뱀띠,뱀띠 이번 달은 직장이나 사업에서 중요한 전환점이 될 수 있습니다. 준비를 철저히 하시기 바랍니다.
440,snake,뱀띠,뱀띠 이번 달은 창의적인 에너지가 넘치는 시기입니다. 예술적 감각을 발휘해보시기 바랍니다.
441,snake,뱀띠,뱀띠에게 이번 달은 인간관계가 풍성해지는 달입니다. 새로운 인연을 소중히 여기시기 바랍니다.
442,snake,뱀띠,뱀띠 이번 달은 직장이나 사업에서 중요한 전환점이 될 수 있습니다. 준비를 철저히 하시기 바랍니다.
443,snake,뱀띠,뱀띠에게 이번 달은 건강과 체력 관리가 중요합니다. 꾸준한 운동 습관을 만들어보시기 바랍니다.
444,snake,뱀띠,뱀띠 이번 달은 창의적인 에너지가 넘치는 시기입니다. 예술적 감각을 발휘해보시기 바랍니다.
445,snake,뱀띠,뱀띠에게 이번 달은 건강과 체력 관리가 중요합니다. 꾸준한 운동 습관을 만들어보시기 바랍니다.
446,snake,뱀띠,뱀띠에게 이번 달은 새로운 시작을 알리는 달입니다. 오랜 꿈을 향해 첫 걸음을 내딛어보시기 바랍니다.
447,snake,뱀띠,뱀띠에게 이번 달은 건강과 체력 관리가 중요합니다. 꾸준한 운동 습관을 만들어보시기 바랍니다.
448,snake,뱀띠,뱀띠 이번 달은 재물운이 서서히 상승합니다. 중순 이후 좋은 기회가 찾아올 수 있습니다.
449,snake,뱀띠,뱀띠에게 이번 달은 인간관계가 풍성해지는 달입니다. 새로운 인연을 소중히 여기시기 바랍니다.
450,snake,뱀띠,뱀띠에게 이번 달은 새로운 시작을 알리는 달입니다. 오랜 꿈을 향해 첫 걸음을 내딛어보시기 바랍니다.
451,snake,뱀띠,뱀띠에게 이번 달은 새로운 시작을 알리는 달입니다. 오랜 꿈을 향해 첫 걸음을 내딛어보시기 바랍니다.
452,snake,뱀띠,뱀띠 이번 달은 직장이나 사업에서 중요한 전환점이 될 수 있습니다. 준비를 철저히 하시기 바랍니다.
453,snake,뱀띠,뱀띠에게 이번 달은 인간관계가 풍성해지는 달입니다. 새로운 인연을 소중히 여기시기 바랍니다.
454,snake,뱀띠,뱀띠에게 이번 달은 새로운 시작을 알리는 달입니다. 오랜 꿈을 향해 첫 걸음을 내딛어보시기 바랍니다.
455,snake,뱀띠,뱀띠에게 이번 달은 여행이나 새로운 경험이 큰 영감을 줄 것입니다. 도전을 즐기시기 바랍니다.
456,snake,뱀띠,뱀띠에게 이번 달은 인간관계가 풍성해지는 달입니다. 새로운 인연을 소중히 여기시기 바랍니다.
457,snake,뱀띠,뱀띠 이번 달은 창의적인 에너지가 넘치는 시기입니다. 예술적 감각을 발휘해보시기 바랍니다.
458,snake,뱀띠,뱀띠 이번 달은 감사하는 마음이 더 큰 행운을 불러옵니다. 주변을 돌아보시기 바랍니다.
459,snake,뱀띠,뱀띠에게 이번 달은 새로운 시작을 알리는 달입니다. 오랜 꿈을 향해 첫 걸음을 내딛어보시기 바랍니다.
460,snake,뱀띠,뱀띠에게 이번 달은 새로운 시작을 알리는 달입니다. 오랜 꿈을 향해 첫 걸음을 내딛어보시기 바랍니다.
461,snake,뱀띠,뱀띠에게 이번 달은 새로운 시작을 알리는 달입니다. 오랜 꿈을 향해 첫 걸음을 내딛어보시기 바랍니다.
462,snake,뱀띠,뱀띠 이번 달은 창의적인 에너지가 넘치는 시기입니다. 예술적 감각을 발휘해보시기 바랍니다.
463,snake,뱀띠,뱀띠 이번 달은 재물운이 서서히 상승합니다. 중순 이후 좋은 기회가 찾아올 수 있습니다.
464,snake,뱀띠,뱀띠에게 이번 달은 새로운 시작을 알리는 달입니다. 오랜 꿈을 향해 첫 걸음을 내딛어보시기 바랍니다.
465,snake,뱀띠,뱀띠에게 이번 달은 건강과 체력 관리가 중요합니다. 꾸준한 운동 습관을 만들어보시기 바랍니다.
466,snake,뱀띠,뱀띠에게 이번 달은 여행이나 새로운 경험이 큰 영감을 줄 것입니다. 도전을 즐기시기 바랍니다.
467,snake,뱀띠,뱀띠에게 이번 달은 여행이나 새로운 경험이 큰 영감을 줄 것입니다. 도전을 즐기시기 바랍니다.
468,snake,뱀띠,뱀띠에게 이번 달은 건강과 체력 관리가 중요합니다. 꾸준한 운동 습관을 만들어보시기 바랍니다.
469,snake,뱀띠,뱀띠 이번 달은 감사하는 마음이 더 큰 행운을 불러옵니다. 주변을 돌아보시기 바랍니다.
470,snake,뱀띠,뱀띠 이번 달은 감사하는 마음이 더 큰 행운을 불러옵니다. 주변을 돌아보시기 바랍니다.
471,snake,뱀띠,뱀띠 이번 달은 재물운이 서서히 상승합니다. 중순 이후 좋은 기회가 찾아올 수 있습니다.
472,snake,뱀띠,뱀띠 이번 달은 감사하는 마음이 더 큰 행운을 불러옵니다. 주변을 돌아보시기 바랍니다.
473,snake,뱀띠,뱀띠에게 이번 달은 새로운 시작을 알리는 달입니다. 오랜 꿈을 향해 첫 걸음을 내딛어보시기 바랍니다.
474,snake,뱀띠,뱀띠 이번 달은 재물운이 서서히 상승합니다. 중순 이후 좋은 기회가 찾아올 수 있습니다.
475,snake,뱀띠,뱀띠에게 이번 달은 새로운 시작을 알리는 달입니다. 오랜 꿈을 향해 첫 걸음을 내딛어보시기 바랍니다.
476,snake,뱀띠,뱀띠에게 이번 달은 새로운 시작을 알리는 달입니다. 오랜 꿈을 향해 첫 걸음을 내딛어보시기 바랍니다.
477,snake,뱀띠,뱀띠에게 이번 달은 건강과 체력 관리가 중요합니다. 꾸준한 운동 습관을 만들어보시기 바랍니다.
478,snake,뱀띠,뱀띠 이번 달은 감사하는 마음이 더 큰 행운을 불러옵니다. 주변을 돌아보시기 바랍니다.
479,snake,뱀띠,뱀띠 이번 달은 감사하는 마음이 더 큰 행운을 불러옵니다. 주변을 돌아보시기 바랍니다.
480,snake,뱀띠,뱀띠 이번 달은 재물운이 서서히 상승합니다. 중순 이후 좋은 기회가 찾아올 수 있습니다.
481,snake,뱀띠,뱀띠에게 이번 달은 여행이나 새로운 경험이 큰 영감을 줄 것입니다. 도전을 즐기시기 바랍니다.
482,snake,뱀띠,뱀띠에게 이번 달은 여행이나 새로운 경험이 큰 영감을 줄 것입니다. 도전을 즐기시기 바랍니다.
483,snake,뱀띠,뱀띠에게 이번 달은 인간관계가 풍성해지는 달입니다. 새로운 인연을 소중히 여기시기 바랍니다.
484,snake,뱀띠,뱀띠 이번 달은 직장이나 사업에서 중요한 전환점이 될 수 있습니다. 준비를 철저히 하시기 바랍니다.
485,snake,뱀띠,뱀띠에게 이번 달은 인간관계가 풍성해지는 달입니다. 새로운 인연을 소중히 여기시기 바랍니다.
486,snake,뱀띠,뱀띠에게 이번 달은 인간관계가 풍성해지는 달입니다. 새로운 인연을 소중히 여기시기 바랍니다.
487,snake,뱀띠,뱀띠 이번 달은 직장이나 사업에서 중요한 전환점이 될 수 있습니다. 준비를 철저히 하시기 바랍니다.
488,snake,뱀띠,뱀띠에게 이번 달은 인간관계가 풍성해지는 달입니다. 새로운 인연을 소중히 여기시기 바랍니다.
489,snake,뱀띠,뱀띠 이번 달은 재물운이 서서히 상승합니다. 중순 이후 좋은 기회가 찾아올 수 있습니다.
490,snake,뱀띠,뱀띠에게 이번 달은 여행이나 새로운 경험이 큰 영감을 줄 것입니다. 도전을 즐기시기 바랍니다.
491,snake,뱀띠,뱀띠 이번 달은 창의적인 에너지가 넘치는 시기입니다. 예술적 감각을 발휘해보시기 바랍니다.
492,snake,뱀띠,뱀띠 이번 달은 직장이나 사업에서 중요한 전환점이 될 수 있습니다. 준비를 철저히 하시기 바랍니다.
493,snake,뱀띠,뱀띠 이번 달은 감사하는 마음이 더 큰 행운을 불러옵니다. 주변을 돌아보시기 바랍니다.
494,snake,뱀띠,뱀띠에게 이번 달은 건강과 체력 관리가 중요합니다. 꾸준한 운동 습관을 만들어보시기 바랍니다.
495,snake,뱀띠,뱀띠에게 이번 달은 건강과 체력 관리가 중요합니다. 꾸준한 운동 습관을 만들어보시기 바랍니다.
496,snake,뱀띠,뱀띠에게 이번 달은 여행이나 새로운 경험이 큰 영감을 줄 것입니다. 도전을 즐기시기 바랍니다.
497,snake,뱀띠,뱀띠에게 이번 달은 인간관계가 풍성해지는 달입니다. 새로운 인연을 소중히 여기시기 바랍니다.
498,snake,뱀띠,뱀띠에게 이번 달은 새로운 시작을 알리는 달입니다. 오랜 꿈을 향해 첫 걸음을 내딛어보시기 바랍니다.
499,snake,뱀띠,뱀띠에게 이번 달은 인간관계가 풍성해지는 달입니다. 새로운 인연을 소중히 여기시기 바랍니다.
500,snake,뱀띠,뱀띠 이번 달은 직장이나 사업에서 중요한 전환점이 될 수 있습니다. 준비를 철저히 하시기 바랍니다.
501,snake,뱀띠,뱀띠에게 이번 달은 여행이나 새로운 경험이 큰 영감을 줄 것입니다. 도전을 즐기시기 바랍니다.
502,snake,뱀띠,뱀띠 이번 달은 직장이나 사업에서 중요한 전환점이 될 수 있습니다. 준비를 철저히 하시기 바랍니다.
503,snake,뱀띠,뱀띠에게 이번 달은 건강과 체력 관리가 중요합니다. 꾸준한 운동 습관을 만들어보시기 바랍니다.
504,snake,뱀띠,뱀띠에게 이번 달은 새로운 시작을 알리는 달입니다. 오랜 꿈을 향해 첫 걸음을 내딛어보시기 바랍니다.
505,horse,말띠,말띠 이번 달은 감사하는 마음이 더 큰 행운을 불러옵니다. 주변을 돌아보시기 바랍니다.
506,horse,말띠,말띠 이번 달은 직장이나 사업에서 중요한 전환점이 될 수 있습니다. 준비를 철저히 하시기 바랍니다.
507,horse,말띠,말띠 이번 달은 직장이나 사업에서 중요한 전환점이 될 수 있습니다. 준비를 철저히 하시기 바랍니다.
508,horse,말띠,말띠 이번 달은 감사하는 마음이 더 큰 행운을 불러옵니다. 주변을 돌아보시기 바랍니다.
509,horse,말띠,말띠 이번 달은 감사하는 마음이 더 큰 행운을 불러옵니다. 주변을 돌아보시기 바랍니다.
510,horse,말띠,말띠에게 이번 달은 여행이나 새로운 경험이 큰 영감을 줄 것입니다. 도전을 즐기시기 바랍니다.
511,horse,말띠,말띠에게 이번 달은 새로운 시작을 알리는 달입니다. 오랜 꿈을 향해 첫 걸음을 내딛어보시기 바랍니다.
512,horse,말띠,말띠에게 이번 달은 여행이나 새로운 경험이 큰 영감을 줄 것입니다. 도전을 즐기시기 바랍니다.
513,horse,말띠,말띠 이번 달은 재물운이 서서히 상승합니다. 중순 이후 좋은 기회가 찾아올 수 있습니다.
514,horse,말띠,말띠 이번 달은 감사하는 마음이 더 큰 행운을 불러옵니다. 주변을 돌아보시기 바랍니다.
515,horse,말띠,말띠에게 이번 달은 여행이나 새로운 경험이 큰 영감을 줄 것입니다. 도전을 즐기시기 바랍니다.
516,horse,말띠,말띠 이번 달은 감사하는 마음이 더 큰 행운을 불러옵니다. 주변을 돌아보시기 바랍니다.
517,horse,말띠,말띠 이번 달은 감사하는 마음이 더 큰 행운을 불러옵니다. 주변을 돌아보시기 바랍니다.
518,horse,말띠,말띠에게 이번 달은 건강과 체력 관리가 중요합니다. 꾸준한 운동 습관을 만들어보시기 바랍니다.
519,horse,말띠,말띠 이번 달은 창의적인 에너지가 넘치는 시기입니다. 예술적 감각을 발휘해보시기 바랍니다.
520,horse,말띠,말띠 이번 달은 재물운이 서서히 상승합니다. 중순 이후 좋은 기회가 찾아올 수 있습니다.
521,horse,말띠,말띠에게 이번 달은 인간관계가 풍성해지는 달입니다. 새로운 인연을 소중히 여기시기 바랍니다.
522,horse,말띠,말띠에게 이번 달은 건강과 체력 관리가 중요합니다. 꾸준한 운동 습관을 만들어보시기 바랍니다.
523,horse,말띠,말띠에게 이번 달은 건강과 체력 관리가 중요합니다. 꾸준한 운동 습관을 만들어보시기 바랍니다.
524,horse,말띠,말띠에게 이번 달은 건강과 체력 관리가 중요합니다. 꾸준한 운동 습관을 만들어보시기 바랍니다.
525,horse,말띠,말띠에게 이번 달은 인간관계가 풍성해지는 달입니다. 새로운 인연을 소중히 여기시기 바랍니다.
526,horse,말띠,말띠 이번 달은 창의적인 에너지가 넘치는 시기입니다. 예술적 감각을 발휘해보시기 바랍니다.
527,horse,말띠,말띠에게 이번 달은 건강과 체력 관리가 중요합니다. 꾸준한 운동 습관을 만들어보시기 바랍니다.
528,horse,말띠,말띠에게 이번 달은 건강과 체력 관리가 중요합니다. 꾸준한 운동 습관을 만들어보시기 바랍니다.
529,horse,말띠,말띠 이번 달은 창의적인 에너지가 넘치는 시기입니다. 예술적 감각을 발휘해보시기 바랍니다.
530,horse,말띠,말띠에게 이번 달은 인간관계가 풍성해지는 달입니다. 새로운 인연을 소중히 여기시기 바랍니다.
531,horse,말띠,말띠 이번 달은 직장이나 사업에서 중요한 전환점이 될 수 있습니다. 준비를 철저히 하시기 바랍니다.
532,horse,말띠,말띠에게 이번 달은 새로운 시작을 알리는 달입니다. 오랜 꿈을 향해 첫 걸음을 내딛어보시기 바랍니다.
533,horse,말띠,말띠에게 이번 달은 여행이나 새로운 경험이 큰 영감을 줄 것입니다. 도전을 즐기시기 바랍니다.
534,horse,말띠,말띠 이번 달은 창의적인 에너지가 넘치는 시기입니다. 예술적 감각을 발휘해보시기 바랍니다.
535,horse,말띠,말띠에게 이번 달은 건강과 체력 관리가 중요합니다. 꾸준한 운동 습관을 만들어보시기 바랍니다.
536,horse,말띠,말띠 이번 달은 재물운이 서서히 상승합니다. 중순 이후 좋은 기회가 찾아올 수 있습니다.
537,horse,말띠,말띠에게 이번 달은 건강과 체력 관리가 중요합니다. 꾸준한 운동 습관을 만들어보시기 바랍니다.
538,horse,말띠,말띠 이번 달은 창의적인 에너지가 넘치는 시기입니다. 예술적 감각을 발휘해보시기 바랍니다.
539,horse,말띠,말띠 이번 달은 창의적인 에너지가 넘치는 시기입니다. 예술적 감각을 발휘해보시기 바랍니다.
540,horse,말띠,말띠에게 이번 달은 건강과 체력 관리가 중요합니다. 꾸준한 운동 습관을 만들어보시기 바랍니다.
541,horse,말띠,말띠 이번 달은 재물운이 서서히 상승합니다. 중순 이후 좋은 기회가 찾아올 수 있습니다.
542,horse,말띠,말띠 이번 달은 직장이나 사업에서 중요한 전환점이 될 수 있습니다. 준비를 철저히 하시기 바랍니다.
543,horse,말띠,말띠 이번 달은 감사하는 마음이 더 큰 행운을 불러옵니다. 주변을 돌아보시기 바랍니다.
544,horse,말띠,말띠에게 이번 달은 새로운 시작을 알리는 달입니다. 오랜 꿈을 향해 첫 걸음을 내딛어보시기 바랍니다.
545,horse,말띠,말띠에게 이번 달은 인간관계가 풍성해지는 달입니다. 새로운 인연을 소중히 여기시기 바랍니다.
546,horse,말띠,말띠에게 이번 달은 건강과 체력 관리가 중요합니다. 꾸준한 운동 습관을 만들어보시기 바랍니다.
547,horse,말띠,말띠에게 이번 달은 새로운 시작을 알리는 달입니다. 오랜 꿈을 향해 첫 걸음을 내딛어보시기 바랍니다.
548,horse,말띠,말띠 이번 달은 창의적인 에너지가 넘치는 시기입니다. 예술적 감각을 발휘해보시기 바랍니다.
549,horse,말띠,말띠 이번 달은 창의적인 에너지가 넘치는 시기입니다. 예술적 감각을 발휘해보시기 바랍니다.
550,horse,말띠,말띠에게 이번 달은 여행이나 새로운 경험이 큰 영감을 줄 것입니다. 도전을 즐기시기 바랍니다.
551,horse,말띠,말띠 이번 달은 재물운이 서서히 상승합니다. 중순 이후 좋은 기회가 찾아올 수 있습니다.
552,horse,말띠,말띠 이번 달은 창의적인 에너지가 넘치는 시기입니다. 예술적 감각을 발휘해보시기 바랍니다.
553,horse,말띠,말띠 이번 달은 재물운이 서서히 상승합니다. 중순 이후 좋은 기회가 찾아올 수 있습니다.
554,horse,말띠,말띠 이번 달은 감사하는 마음이 더 큰 행운을 불러옵니다. 주변을 돌아보시기 바랍니다.
555,horse,말띠,말띠 이번 달은 감사하는 마음이 더 큰 행운을 불러옵니다. 주변을 돌아보시기 바랍니다.
556,horse,말띠,말띠에게 이번 달은 새로운 시작을 알리는 달입니다. 오랜 꿈을 향해 첫 걸음을 내딛어보시기 바랍니다.
557,horse,말띠,말띠 이번 달은 감사하는 마음이 더 큰 행운을 불러옵니다. 주변을 돌아보시기 바랍니다.
558,horse,말띠,말띠 이번 달은 재물운이 서서히 상승합니다. 중순 이후 좋은 기회가 찾아올 수 있습니다.
559,horse,말띠,말띠 이번 달은 감사하는 마음이 더 큰 행운을 불러옵니다. 주변을 돌아보시기 바랍니다.
560,horse,말띠,말띠 이번 달은 창의적인 에너지가 넘치는 시기입니다. 예술적 감각을 발휘해보시기 바랍니다.
561,horse,말띠,말띠에게 이번 달은 여행이나 새로운 경험이 큰 영감을 줄 것입니다. 도전을 즐기시기 바랍니다.
562,horse,말띠,말띠에게 이번 달은 건강과 체력 관리가 중요합니다. 꾸준한 운동 습관을 만들어보시기 바랍니다.
563,horse,말띠,말띠에게 이번 달은 여행이나 새로운 경험이 큰 영감을 줄 것입니다. 도전을 즐기시기 바랍니다.
564,horse,말띠,말띠 이번 달은 재물운이 서서히 상승합니다. 중순 이후 좋은 기회가 찾아올 수 있습니다.
565,horse,말띠,말띠 이번 달은 재물운이 서서히 상승합니다. 중순 이후 좋은 기회가 찾아올 수 있습니다.
566,horse,말띠,말띠 이번 달은 창의적인 에너지가 넘치는 시기입니다. 예술적 감각을 발휘해보시기 바랍니다.
567,horse,말띠,말띠에게 이번 달은 새로운 시작을 알리는 달입니다. 오랜 꿈을 향해 첫 걸음을 내딛어보시기 바랍니다.
568,horse,말띠,말띠에게 이번 달은 건강과 체력 관리가 중요합니다. 꾸준한 운동 습관을 만들어보시기 바랍니다.
569,horse,말띠,말띠에게 이번 달은 새로운 시작을 알리는 달입니다. 오랜 꿈을 향해 첫 걸음을 내딛어보시기 바랍니다.
570,horse,말띠,말띠 이번 달은 감사하는 마음이 더 큰 행운을 불러옵니다. 주변을 돌아보시기 바랍니다.
571,horse,말띠,말띠 이번 달은 재물운이 서서히 상승합니다. 중순 이후 좋은 기회가 찾아올 수 있습니다.
572,horse,말띠,말띠 이번 달은 재물운이 서서히 상승합니다. 중순 이후 좋은 기회가 찾아올 수 있습니다.
573,horse,말띠,말띠 이번 달은 직장이나 사업에서 중요한 전환점이 될 수 있습니다. 준비를 철저히 하시기 바랍니다.
574,horse,말띠,말띠 이번 달은 직장이나 사업에서 중요한 전환점이 될 수 있습니다. 준비를 철저히 하시기 바랍니다.
575,horse,말띠,말띠에게 이번 달은 건강과 체력 관리가 중요합니다. 꾸준한 운동 습관을 만들어보시기 바랍니다.
576,horse,말띠,말띠에게 이번 달은 새로운 시작을 알리는 달입니다. 오랜 꿈을 향해 첫 걸음을 내딛어보시기 바랍니다.
577,horse,말띠,말띠에게 이번 달은 건강과 체력 관리가 중요합니다. 꾸준한 운동 습관을 만들어보시기 바랍니다.
578,horse,말띠,말띠에게 이번 달은 인간관계가 풍성해지는 달입니다. 새로운 인연을 소중히 여기시기 바랍니다.
579,horse,말띠,말띠 이번 달은 감사하는 마음이 더 큰 행운을 불러옵니다. 주변을 돌아보시기 바랍니다.
580,horse,말띠,말띠에게 이번 달은 건강과 체력 관리가 중요합니다. 꾸준한 운동 습관을 만들어보시기 바랍니다.
581,horse,말띠,말띠에게 이번 달은 건강과 체력 관리가 중요합니다. 꾸준한 운동 습관을 만들어보시기 바랍니다.
582,horse,말띠,말띠 이번 달은 재물운이 서서히 상승합니다. 중순 이후 좋은 기회가 찾아올 수 있습니다.
583,horse,말띠,말띠에게 이번 달은 새로운 시작을 알리는 달입니다. 오랜 꿈을 향해 첫 걸음을 내딛어보시기 바랍니다.
584,horse,말띠,말띠에게 이번 달은 새로운 시작을 알리는 달입니다. 오랜 꿈을 향해 첫 걸음을 내딛어보시기 바랍니다.
585,horse,말띠,말띠 이번 달은 재물운이 서서히 상승합니다. 중순 이후 좋은 기회가 찾아올 수 있습니다.
586,horse,말띠,말띠에게 이번 달은 새로운 시작을 알리는 달입니다. 오랜 꿈을 향해 첫 걸음을 내딛어보시기 바랍니다.
587,horse,말띠,말띠 이번 달은 재물운이 서서히 상승합니다. 중순 이후 좋은 기회가 찾아올 수 있습니다.
588,horse,말띠,말띠 이번 달은 감사하는 마음이 더 큰 행운을 불러옵니다. 주변을 돌아보시기 바랍니다.
589,sheep,양띠,양띠에게 이번 달은 새로운 시작을 알리는 달입니다. 오랜 꿈을 향해 첫 걸음을 내딛어보시기 바랍니다.
590,sheep,양띠,양띠에게 이번 달은 인간관계가 풍성해지는 달입니다. 새로운 인연을 소중히 여기시기 바랍니다.
591,sheep,양띠,양띠에게 이번 달은 새로운 시작을 알리는 달입니다. 오랜 꿈을 향해 첫 걸음을 내딛어보시기 바랍니다.
592,sheep,양띠,양띠 이번 달은 직장이나 사업에서 중요한 전환점이 될 수 있습니다. 준비를 철저히 하시기 바랍니다.
593,sheep,양띠,양띠에게 이번 달은 인간관계가 풍성해지는 달입니다. 새로운 인연을 소중히 여기시기 바랍니다.
594,sheep,양띠,양띠에게 이번 달은 여행이나 새로운 경험이 큰 영감을 줄 것입니다. 도전을 즐기시기 바랍니다.
595,sheep,양띠,양띠에게 이번 달은 여행이나 새로운 경험이 큰 영감을 줄 것입니다. 도전을 즐기시기 바랍니다.
596,sheep,양띠,양띠 이번 달은 감사하는 마음이 더 큰 행운을 불러옵니다. 주변을 돌아보시기 바랍니다.
597,sheep,양띠,양띠 이번 달은 직장이나 사업에서 중요한 전환점이 될 수 있습니다. 준비를 철저히 하시기 바랍니다.
598,sheep,양띠,양띠 이번 달은 창의적인 에너지가 넘치는 시기입니다. 예술적 감각을 발휘해보시기 바랍니다.
599,sheep,양띠,양띠에게 이번 달은 인간관계가 풍성해지는 달입니다. 새로운 인연을 소중히 여기시기 바랍니다.
600,sheep,양띠,양띠 이번 달은 직장이나 사업에서 중요한 전환점이 될 수 있습니다. 준비를 철저히 하시기 바랍니다.
601,sheep,양띠,양띠 이번 달은 창의적인 에너지가 넘치는 시기입니다. 예술적 감각을 발휘해보시기 바랍니다.
602,sheep,양띠,양띠 이번 달은 창의적인 에너지가 넘치는 시기입니다. 예술적 감각을 발휘해보시기 바랍니다.
603,sheep,양띠,양띠 이번 달은 감사하는 마음이 더 큰 행운을 불러옵니다. 주변을 돌아보시기 바랍니다.
604,sheep,양띠,양띠 이번 달은 감사하는 마음이 더 큰 행운을 불러옵니다. 주변을 돌아보시기 바랍니다.
605,sheep,양띠,양띠에게 이번 달은 여행이나 새로운 경험이 큰 영감을 줄 것입니다. 도전을 즐기시기 바랍니다.
606,sheep,양띠,양띠 이번 달은 재물운이 서서히 상승합니다. 중순 이후 좋은 기회가 찾아올 수 있습니다.
607,sheep,양띠,양띠에게 이번 달은 새로운 시작을 알리는 달입니다. 오랜 꿈을 향해 첫 걸음을 내딛어보시기 바랍니다.
608,sheep,양띠,양띠 이번 달은 감사하는 마음이 더 큰 행운을 불러옵니다. 주변을 돌아보시기 바랍니다.
609,sheep,양띠,양띠 이번 달은 재물운이 서서히 상승합니다. 중순 이후 좋은 기회가 찾아올 수 있습니다.
610,sheep,양띠,양띠 이번 달은 직장이나 사업에서 중요한 전환점이 될 수 있습니다. 준비를 철저히 하시기 바랍니다.
611,sheep,양띠,양띠 이번 달은 감사하는 마음이 더 큰 행운을 불러옵니다. 주변을 돌아보시기 바랍니다.
612,sheep,양띠,양띠 이번 달은 창의적인 에너지가 넘치는 시기입니다. 예술적 감각을 발휘해보시기 바랍니다.
613,sheep,양띠,양띠에게 이번 달은 건강과 체력 관리가 중요합니다. 꾸준한 운동 습관을 만들어보시기 바랍니다.
614,sheep,양띠,양띠 이번 달은 감사하는 마음이 더 큰 행운을 불러옵니다. 주변을 돌아보시기 바랍니다.
615,sheep,양띠,양띠 이번 달은 직장이나 사업에서 중요한 전환점이 될 수 있습니다. 준비를 철저히 하시기 바랍니다.
616,sheep,양띠,양띠 이번 달은 직장이나 사업에서 중요한 전환점이 될 수 있습니다. 준비를 철저히 하시기 바랍니다.
617,sheep,양띠,양띠 이번 달은 재물운이 서서히 상승합니다. 중순 이후 좋은 기회가 찾아올 수 있습니다.
618,sheep,양띠,양띠에게 이번 달은 건강과 체력 관리가 중요합니다. 꾸준한 운동 습관을 만들어보시기 바랍니다.
619,sheep,양띠,양띠 이번 달은 직장이나 사업에서 중요한 전환점이 될 수 있습니다. 준비를 철저히 하시기 바랍니다.
620,sheep,양띠,양띠에게 이번 달은 건강과 체력 관리가 중요합니다. 꾸준한 운동 습관을 만들어보시기 바랍니다.
621,sheep,양띠,양띠에게 이번 달은 여행이나 새로운 경험이 큰 영감을 줄 것입니다. 도전을 즐기시기 바랍니다.
622,sheep,양띠,양띠 이번 달은 직장이나 사업에서 중요한 전환점이 될 수 있습니다. 준비를 철저히 하시기 바랍니다.
623,sheep,양띠,양띠 이번 달은 창의적인 에너지가 넘치는 시기입니다. 예술적 감각을 발휘해보시기 바랍니다.
624,sheep,양띠,양띠에게 이번 달은 새로운 시작을 알리는 달입니다. 오랜 꿈을 향해 첫 걸음을 내딛어보시기 바랍니다.
625,sheep,양띠,양띠 이번 달은 직장이나 사업에서 중요한 전환점이 될 수 있습니다. 준비를 철저히 하시기 바랍니다.
626,sheep,양띠,양띠에게 이번 달은 인간관계가 풍성해지는 달입니다. 새로운 인연을 소중히 여기시기 바랍니다.
627,sheep,양띠,양띠에게 이번 달은 인간관계가 풍성해지는 달입니다. 새로운 인연을 소중히 여기시기 바랍니다.
628,sheep,양띠,양띠 이번 달은 직장이나 사업에서 중요한 전환점이 될 수 있습니다. 준비를 철저히 하시기 바랍니다.
629,sheep,양띠,양띠 이번 달은 직장이나 사업에서 중요한 전환점이 될 수 있습니다. 준비를 철저히 하시기 바랍니다.
630,sheep,양띠,양띠에게 이번 달은 여행이나 새로운 경험이 큰 영감을 줄 것입니다. 도전을 즐기시기 바랍니다.
631,sheep,양띠,양띠에게 이번 달은 여행이나 새로운 경험이 큰 영감을 줄 것입니다. 도전을 즐기시기 바랍니다.
632,sheep,양띠,양띠 이번 달은 창의적인 에너지가 넘치는 시기입니다. 예술적 감각을 발휘해보시기 바랍니다.
633,sheep,양띠,양띠에게 이번 달은 인간관계가 풍성해지는 달입니다. 새로운 인연을 소중히 여기시기 바랍니다.
634,sheep,양띠,양띠 이번 달은 재물운이 서서히 상승합니다. 중순 이후 좋은 기회가 찾아올 수 있습니다.
635,sheep,양띠,양띠에게 이번 달은 여행이나 새로운 경험이 큰 영감을 줄 것입니다. 도전을 즐기시기 바랍니다.
636,sheep,양띠,양띠에게 이번 달은 여행이나 새로운 경험이 큰 영감을 줄 것입니다. 도전을 즐기시기 바랍니다.
637,sheep,양띠,양띠에게 이번 달은 인간관계가 풍성해지는 달입니다. 새로운 인연을 소중히 여기시기 바랍니다.
638,sheep,양띠,양띠 이번 달은 재물운이 서서히 상승합니다. 중순 이후 좋은 기회가 찾아올 수 있습니다.
639,sheep,양띠,양띠 이번 달은 재물운이 서서히 상승합니다. 중순 이후 좋은 기회가 찾아올 수 있습니다.
640,sheep,양띠,양띠 이번 달은 창의적인 에너지가 넘치는 시기입니다. 예술적 감각을 발휘해보시기 바랍니다.
641,sheep,양띠,양띠 이번 달은 창의적인 에너지가 넘치는 시기입니다. 예술적 감각을 발휘해보시기 바랍니다.
642,sheep,양띠,양띠에게 이번 달은 건강과 체력 관리가 중요합니다. 꾸준한 운동 습관을 만들어보시기 바랍니다.
643,sheep,양띠,양띠 이번 달은 창의적인 에너지가 넘치는 시기입니다. 예술적 감각을 발휘해보시기 바랍니다.
644,sheep,양띠,양띠 이번 달은 재물운이 서서히 상승합니다. 중순 이후 좋은 기회가 찾아올 수 있습니다.
645,sheep,양띠,양띠에게 이번 달은 새로운 시작을 알리는 달입니다. 오랜 꿈을 향해 첫 걸음을 내딛어보시기 바랍니다.
646,sheep,양띠,양띠에게 이번 달은 인간관계가 풍성해지는 달입니다. 새로운 인연을 소중히 여기시기 바랍니다.
647,sheep,양띠,양띠 이번 달은 직장이나 사업에서 중요한 전환점이 될 수 있습니다. 준비를 철저히 하시기 바랍니다.
648,sheep,양띠,양띠 이번 달은 재물운이 서서히 상승합니다. 중순 이후 좋은 기회가 찾아올 수 있습니다.
649,sheep,양띠,양띠에게 이번 달은 여행이나 새로운 경험이 큰 영감을 줄 것입니다. 도전을 즐기시기 바랍니다.
650,sheep,양띠,양띠 이번 달은 재물운이 서서히 상승합니다. 중순 이후 좋은 기회가 찾아올 수 있습니다.
651,sheep,양띠,양띠 이번 달은 감사하는 마음이 더 큰 행운을 불러옵니다. 주변을 돌아보시기 바랍니다.
652,sheep,양띠,양띠 이번 달은 감사하는 마음이 더 큰 행운을 불러옵니다. 주변을 돌아보시기 바랍니다.
653,sheep,양띠,양띠 이번 달은 재물운이 서서히 상승합니다. 중순 이후 좋은 기회가 찾아올 수 있습니다.
654,sheep,양띠,양띠 이번 달은 직장이나 사업에서 중요한 전환점이 될 수 있습니다. 준비를 철저히 하시기 바랍니다.
655,sheep,양띠,양띠 이번 달은 감사하는 마음이 더 큰 행운을 불러옵니다. 주변을 돌아보시기 바랍니다.
656,sheep,양띠,양띠 이번 달은 감사하는 마음이 더 큰 행운을 불러옵니다. 주변을 돌아보시기 바랍니다.
657,sheep,양띠,양띠에게 이번 달은 새로운 시작을 알리는 달입니다. 오랜 꿈을 향해 첫 걸음을 내딛어보시기 바랍니다.
658,sheep,양띠,양띠에게 이번 달은 인간관계가 풍성해지는 달입니다. 새로운 인연을 소중히 여기시기 바랍니다.
659,sheep,양띠,양띠에게 이번 달은 인간관계가 풍성해지는 달입니다. 새로운 인연을 소중히 여기시기 바랍니다.
660,sheep,양띠,양띠 이번 달은 직장이나 사업에서 중요한 전환점이 될 수 있습니다. 준비를 철저히 하시기 바랍니다.
661,sheep,양띠,양띠 이번 달은 직장이나 사업에서 중요한 전환점이 될 수 있습니다. 준비를 철저히 하시기 바랍니다.
662,sheep,양띠,양띠에게 이번 달은 건강과 체력 관리가 중요합니다. 꾸준한 운동 습관을 만들어보시기 바랍니다.
663,sheep,양띠,양띠에게 이번 달은 건강과 체력 관리가 중요합니다. 꾸준한 운동 습관을 만들어보시기 바랍니다.
664,sheep,양띠,양띠에게 이번 달은 건강과 체력 관리가 중요합니다. 꾸준한 운동 습관을 만들어보시기 바랍니다.
665,sheep,양띠,양띠 이번 달은 재물운이 서서히 상승합니다. 중순 이후 좋은 기회가 찾아올 수 있습니다.
666,sheep,양띠,양띠 이번 달은 창의적인 에너지가 넘치는 시기입니다. 예술적 감각을 발휘해보시기 바랍니다.
667,sheep,양띠,양띠에게 이번 달은 새로운 시작을 알리는 달입니다. 오랜 꿈을 향해 첫 걸음을 내딛어보시기 바랍니다.
668,sheep,양띠,양띠에게 이번 달은 여행이나 새로운 경험이 큰 영감을 줄 것입니다. 도전을 즐기시기 바랍니다.
669,sheep,양띠,양띠에게 이번 달은 여행이나 새로운 경험이 큰 영감을 줄 것입니다. 도전을 즐기시기 바랍니다.
670,sheep,양띠,양띠 이번 달은 창의적인 에너지가 넘치는 시기입니다. 예술적 감각을 발휘해보시기 바랍니다.
671,sheep,양띠,양띠 이번 달은 감사하는 마음이 더 큰 행운을 불러옵니다. 주변을 돌아보시기 바랍니다.
672,sheep,양띠,양띠 이번 달은 창의적인 에너지가 넘치는 시기입니다. 예술적 감각을 발휘해보시기 바랍니다.
673,monkey,원숭이띠,원숭이띠에게 이번 달은 인간관계가 풍성해지는 달입니다. 새로운 인연을 소중히 여기시기 바랍니다.
674,monkey,원숭이띠,원숭이띠 이번 달은 감사하는 마음이 더 큰 행운을 불러옵니다. 주변을 돌아보시기 바랍니다.
675,monkey,원숭이띠,원숭이띠 이번 달은 재물운이 서서히 상승합니다. 중순 이후 좋은 기회가 찾아올 수 있습니다.
676,monkey,원숭이띠,원숭이띠에게 이번 달은 새로운 시작을 알리는 달입니다. 오랜 꿈을 향해 첫 걸음을 내딛어보시기 바랍니다.
677,monkey,원숭이띠,원숭이띠에게 이번 달은 여행이나 새로운 경험이 큰 영감을 줄 것입니다. 도전을 즐기시기 바랍니다.
678,monkey,원숭이띠,원숭이띠에게 이번 달은 인간관계가 풍성해지는 달입니다. 새로운 인연을 소중히 여기시기 바랍니다.
679,monkey,원숭이띠,원숭이띠에게 이번 달은 건강과 체력 관리가 중요합니다. 꾸준한 운동 습관을 만들어보시기 바랍니다.
680,monkey,원숭이띠,원숭이띠 이번 달은 재물운이 서서히 상승합니다. 중순 이후 좋은 기회가 찾아올 수 있습니다.
681,monkey,원숭이띠,원숭이띠 이번 달은 직장이나 사업에서 중요한 전환점이 될 수 있습니다. 준비를 철저히 하시기 바랍니다.
682,monkey,원숭이띠,원숭이띠 이번 달은 창의적인 에너지가 넘치는 시기입니다. 예술적 감각을 발휘해보시기 바랍니다.
683,monkey,원숭이띠,원숭이띠 이번 달은 감사하는 마음이 더 큰 행운을 불러옵니다. 주변을 돌아보시기 바랍니다.
684,monkey,원숭이띠,원숭이띠 이번 달은 감사하는 마음이 더 큰 행운을 불러옵니다. 주변을 돌아보시기 바랍니다.
685,monkey,원숭이띠,원숭이띠 이번 달은 직장이나 사업에서 중요한 전환점이 될 수 있습니다. 준비를 철저히 하시기 바랍니다.
686,monkey,원숭이띠,원숭이띠 이번 달은 감사하는 마음이 더 큰 행운을 불러옵니다. 주변을 돌아보시기 바랍니다.
687,monkey,원숭이띠,원숭이띠에게 이번 달은 인간관계가 풍성해지는 달입니다. 새로운 인연을 소중히 여기시기 바랍니다.
688,monkey,원숭이띠,원숭이띠 이번 달은 감사하는 마음이 더 큰 행운을 불러옵니다. 주변을 돌아보시기 바랍니다.
689,monkey,원숭이띠,원숭이띠 이번 달은 감사하는 마음이 더 큰 행운을 불러옵니다. 주변을 돌아보시기 바랍니다.
690,monkey,원숭이띠,원숭이띠 이번 달은 재물운이 서서히 상승합니다. 중순 이후 좋은 기회가 찾아올 수 있습니다.
691,monkey,원숭이띠,원숭이띠에게 이번 달은 인간관계가 풍성해지는 달입니다. 새로운 인연을 소중히 여기시기 바랍니다.
692,monkey,원숭이띠,원숭이띠 이번 달은 창의적인 에너지가 넘치는 시기입니다. 예술적 감각을 발휘해보시기 바랍니다.
693,monkey,원숭이띠,원숭이띠에게 이번 달은 건강과 체력 관리가 중요합니다. 꾸준한 운동 습관을 만들어보시기 바랍니다.
694,monkey,원숭이띠,원숭이띠에게 이번 달은 여행이나 새로운 경험이 큰 영감을 줄 것입니다. 도전을 즐기시기 바랍니다.
695,monkey,원숭이띠,원숭이띠 이번 달은 감사하는 마음이 더 큰 행운을 불러옵니다. 주변을 돌아보시기 바랍니다.
696,monkey,원숭이띠,원숭이띠 이번 달은 직장이나 사업에서 중요한 전환점이 될 수 있습니다. 준비를 철저히 하시기 바랍니다.
697,monkey,원숭이띠,원숭이띠 이번 달은 직장이나 사업에서 중요한 전환점이 될 수 있습니다. 준비를 철저히 하시기 바랍니다.
698,monkey,원숭이띠,원숭이띠 이번 달은 직장이나 사업에서 중요한 전환점이 될 수 있습니다. 준비를 철저히 하시기 바랍니다.
699,monkey,원숭이띠,원숭이띠 이번 달은 재물운이 서서히 상승합니다. 중순 이후 좋은 기회가 찾아올 수 있습니다.
700,monkey,원숭이띠,원숭이띠에게 이번 달은 인간관계가 풍성해지는 달입니다. 새로운 인연을 소중히 여기시기 바랍니다.
701,monkey,원숭이띠,원숭이띠에게 이번 달은 여행이나 새로운 경험이 큰 영감을 줄 것입니다. 도전을 즐기시기 바랍니다.
702,monkey,원숭이띠,원숭이띠에게 이번 달은 새로운 시작을 알리는 달입니다. 오랜 꿈을 향해 첫 걸음을 내딛어보시기 바랍니다.
703,monkey,원숭이띠,원숭이띠에게 이번 달은 인간관계가 풍성해지는 달입니다. 새로운 인연을 소중히 여기시기 바랍니다.
704,monkey,원숭이띠,원숭이띠 이번 달은 감사하는 마음이 더 큰 행운을 불러옵니다. 주변을 돌아보시기 바랍니다.
705,monkey,원숭이띠,원숭이띠에게 이번 달은 새로운 시작을 알리는 달입니다. 오랜 꿈을 향해 첫 걸음을 내딛어보시기 바랍니다.
706,monkey,원숭이띠,원숭이띠에게 이번 달은 여행이나 새로운 경험이 큰 영감을 줄 것입니다. 도전을 즐기시기 바랍니다.
707,monkey,원숭이띠,원숭이띠 이번 달은 창의적인 에너지가 넘치는 시기입니다. 예술적 감각을 발휘해보시기 바랍니다.
708,monkey,원숭이띠,원숭이띠에게 이번 달은 건강과 체력 관리가 중요합니다. 꾸준한 운동 습관을 만들어보시기 바랍니다.
709,monkey,원숭이띠,원숭이띠에게 이번 달은 인간관계가 풍성해지는 달입니다. 새로운 인연을 소중히 여기시기 바랍니다.
710,monkey,원숭이띠,원숭이띠 이번 달은 재물운이 서서히 상승합니다. 중순 이후 좋은 기회가 찾아올 수 있습니다.
711,monkey,원숭이띠,원숭이띠에게 이번 달은 인간관계가 풍성해지는 달입니다. 새로운 인연을 소중히 여기시기 바랍니다.
712,monkey,원숭이띠,원숭이띠에게 이번 달은 건강과 체력 관리가 중요합니다. 꾸준한 운동 습관을 만들어보시기 바랍니다.
713,monkey,원숭이띠,원숭이띠에게 이번 달은 건강과 체력 관리가 중요합니다. 꾸준한 운동 습관을 만들어보시기 바랍니다.
714,monkey,원숭이띠,원숭이띠에게 이번 달은 새로운 시작을 알리는 달입니다. 오랜 꿈을 향해 첫 걸음을 내딛어보시기 바랍니다.
715,monkey,원숭이띠,원숭이띠에게 이번 달은 여행이나 새로운 경험이 큰 영감을 줄 것입니다. 도전을 즐기시기 바랍니다.
716,monkey,원숭이띠,원숭이띠에게 이번 달은 새로운 시작을 알리는 달입니다. 오랜 꿈을 향해 첫 걸음을 내딛어보시기 바랍니다.
717,monkey,원숭이띠,원숭이띠 이번 달은 재물운이 서서히 상승합니다. 중순 이후 좋은 기회가 찾아올 수 있습니다.
718,monkey,원숭이띠,원숭이띠에게 이번 달은 건강과 체력 관리가 중요합니다. 꾸준한 운동 습관을 만들어보시기 바랍니다.
719,monkey,원숭이띠,원숭이띠에게 이번 달은 인간관계가 풍성해지는 달입니다. 새로운 인연을 소중히 여기시기 바랍니다.
720,monkey,원숭이띠,원숭이띠에게 이번 달은 인간관계가 풍성해지는 달입니다. 새로운 인연을 소중히 여기시기 바랍니다.
721,monkey,원숭이띠,원숭이띠 이번 달은 창의적인 에너지가 넘치는 시기입니다. 예술적 감각을 발휘해보시기 바랍니다.
722,monkey,원숭이띠,원숭이띠 이번 달은 재물운이 서서히 상승합니다. 중순 이후 좋은 기회가 찾아올 수 있습니다.
723,monkey,원숭이띠,원숭이띠에게 이번 달은 인간관계가 풍성해지는 달입니다. 새로운 인연을 소중히 여기시기 바랍니다.
724,monkey,원숭이띠,원숭이띠에게 이번 달은 인간관계가 풍성해지는 달입니다. 새로운 인연을 소중히 여기시기 바랍니다.
725,monkey,원숭이띠,원숭이띠에게 이번 달은 건강과 체력 관리가 중요합니다. 꾸준한 운동 습관을 만들어보시기 바랍니다.
726,monkey,원숭이띠,원숭이띠 이번 달은 재물운이 서서히 상승합니다. 중순 이후 좋은 기회가 찾아올 수 있습니다.
727,monkey,원숭이띠,원숭이띠 이번 달은 창의적인 에너지가 넘치는 시기입니다. 예술적 감각을 발휘해보시기 바랍니다.
728,monkey,원숭이띠,원숭이띠에게 이번 달은 건강과 체력 관리가 중요합니다. 꾸준한 운동 습관을 만들어보시기 바랍니다.
729,monkey,원숭이띠,원숭이띠 이번 달은 재물운이 서서히 상승합니다. 중순 이후 좋은 기회가 찾아올 수 있습니다.
730,monkey,원숭이띠,원숭이띠에게 이번 달은 여행이나 새로운 경험이 큰 영감을 줄 것입니다. 도전을 즐기시기 바랍니다.
731,monkey,원숭이띠,원숭이띠 이번 달은 재물운이 서서히 상승합니다. 중순 이후 좋은 기회가 찾아올 수 있습니다.
732,monkey,원숭이띠,원숭이띠에게 이번 달은 건강과 체력 관리가 중요합니다. 꾸준한 운동 습관을 만들어보시기 바랍니다.
733,monkey,원숭이띠,원숭이띠 이번 달은 재물운이 서서히 상승합니다. 중순 이후 좋은 기회가 찾아올 수 있습니다.
734,monkey,원숭이띠,원숭이띠에게 이번 달은 새로운 시작을 알리는 달입니다. 오랜 꿈을 향해 첫 걸음을 내딛어보시기 바랍니다.
735,monkey,원숭이띠,원숭이띠에게 이번 달은 여행이나 새로운 경험이 큰 영감을 줄 것입니다. 도전을 즐기시기 바랍니다.
736,monkey,원숭이띠,원숭이띠 이번 달은 감사하는 마음이 더 큰 행운을 불러옵니다. 주변을 돌아보시기 바랍니다.
737,monkey,원숭이띠,원숭이띠에게 이번 달은 인간관계가 풍성해지는 달입니다. 새로운 인연을 소중히 여기시기 바랍니다.
738,monkey,원숭이띠,원숭이띠에게 이번 달은 인간관계가 풍성해지는 달입니다. 새로운 인연을 소중히 여기시기 바랍니다.
739,monkey,원숭이띠,원숭이띠에게 이번 달은 건강과 체력 관리가 중요합니다. 꾸준한 운동 습관을 만들어보시기 바랍니다.
740,monkey,원숭이띠,원숭이띠에게 이번 달은 새로운 시작을 알리는 달입니다. 오랜 꿈을 향해 첫 걸음을 내딛어보시기 바랍니다.
741,monkey,원숭이띠,원숭이띠에게 이번 달은 건강과 체력 관리가 중요합니다. 꾸준한 운동 습관을 만들어보시기 바랍니다.
742,monkey,원숭이띠,원숭이띠에게 이번 달은 건강과 체력 관리가 중요합니다. 꾸준한 운동 습관을 만들어보시기 바랍니다.
743,monkey,원숭이띠,원숭이띠에게 이번 달은 여행이나 새로운 경험이 큰 영감을 줄 것입니다. 도전을 즐기시기 바랍니다.
744,monkey,원숭이띠,원숭이띠에게 이번 달은 건강과 체력 관리가 중요합니다. 꾸준한 운동 습관을 만들어보시기 바랍니다.
745,monkey,원숭이띠,원숭이띠 이번 달은 창의적인 에너지가 넘치는 시기입니다. 예술적 감각을 발휘해보시기 바랍니다.
746,monkey,원숭이띠,원숭이띠에게 이번 달은 새로운 시작을 알리는 달입니다. 오랜 꿈을 향해 첫 걸음을 내딛어보시기 바랍니다.
747,monkey,원숭이띠,원숭이띠 이번 달은 감사하는 마음이 더 큰 행운을 불러옵니다. 주변을 돌아보시기 바랍니다.
748,monkey,원숭이띠,원숭이띠에게 이번 달은 건강과 체력 관리가 중요합니다. 꾸준한 운동 습관을 만들어보시기 바랍니다.
749,monkey,원숭이띠,원숭이띠에게 이번 달은 새로운 시작을 알리는 달입니다. 오랜 꿈을 향해 첫 걸음을 내딛어보시기 바랍니다.
750,monkey,원숭이띠,원숭이띠에게 이번 달은 건강과 체력 관리가 중요합니다. 꾸준한 운동 습관을 만들어보시기 바랍니다.
751,monkey,원숭이띠,원숭이띠에게 이번 달은 새로운 시작을 알리는 달입니다. 오랜 꿈을 향해 첫 걸음을 내딛어보시기 바랍니다.
752,monkey,원숭이띠,원숭이띠에게 이번 달은 새로운 시작을 알리는 달입니다. 오랜 꿈을 향해 첫 걸음을 내딛어보시기 바랍니다.
753,monkey,원숭이띠,원숭이띠 이번 달은 감사하는 마음이 더 큰 행운을 불러옵니다. 주변을 돌아보시기 바랍니다.
754,monkey,원숭이띠,원숭이띠 이번 달은 직장이나 사업에서 중요한 전환점이 될 수 있습니다. 준비를 철저히 하시기 바랍니다.
755,monkey,원숭이띠,원숭이띠에게 이번 달은 건강과 체력 관리가 중요합니다. 꾸준한 운동 습관을 만들어보시기 바랍니다.
756,monkey,원숭이띠,원숭이띠에게 이번 달은 인간관계가 풍성해지는 달입니다. 새로운 인연을 소중히 여기시기 바랍니다.
757,rooster,닭띠,닭띠에게 이번 달은 여행이나 새로운 경험이 큰 영감을 줄 것입니다. 도전을 즐기시기 바랍니다.
758,rooster,닭띠,닭띠 이번 달은 창의적인 에너지가 넘치는 시기입니다. 예술적 감각을 발휘해보시기 바랍니다.
759,rooster,닭띠,닭띠에게 이번 달은 새로운 시작을 알리는 달입니다. 오랜 꿈을 향해 첫 걸음을 내딛어보시기 바랍니다.
760,rooster,닭띠,닭띠에게 이번 달은 건강과 체력 관리가 중요합니다. 꾸준한 운동 습관을 만들어보시기 바랍니다.
761,rooster,닭띠,닭띠 이번 달은 감사하는 마음이 더 큰 행운을 불러옵니다. 주변을 돌아보시기 바랍니다.
762,rooster,닭띠,닭띠 이번 달은 재물운이 서서히 상승합니다. 중순 이후 좋은 기회가 찾아올 수 있습니다.
763,rooster,닭띠,닭띠 이번 달은 창의적인 에너지가 넘치는 시기입니다. 예술적 감각을 발휘해보시기 바랍니다.
764,rooster,닭띠,닭띠에게 이번 달은 인간관계가 풍성해지는 달입니다. 새로운 인연을 소중히 여기시기 바랍니다.
765,rooster,닭띠,닭띠에게 이번 달은 건강과 체력 관리가 중요합니다. 꾸준한 운동 습관을 만들어보시기 바랍니다.
766,rooster,닭띠,닭띠 이번 달은 감사하는 마음이 더 큰 행운을 불러옵니다. 주변을 돌아보시기 바랍니다.
767,rooster,닭띠,닭띠에게 이번 달은 인간관계가 풍성해지는 달입니다. 새로운 인연을 소중히 여기시기 바랍니다.
768,rooster,닭띠,닭띠 이번 달은 직장이나 사업에서 중요한 전환점이 될 수 있습니다. 준비를 철저히 하시기 바랍니다.
769,rooster,닭띠,닭띠에게 이번 달은 인간관계가 풍성해지는 달입니다. 새로운 인연을 소중히 여기시기 바랍니다.
770,rooster,닭띠,닭띠 이번 달은 재물운이 서서히 상승합니다. 중순 이후 좋은 기회가 찾아올 수 있습니다.
771,rooster,닭띠,닭띠 이번 달은 창의적인 에너지가 넘치는 시기입니다. 예술적 감각을 발휘해보시기 바랍니다.
772,rooster,닭띠,닭띠에게 이번 달은 새로운 시작을 알리는 달입니다. 오랜 꿈을 향해 첫 걸음을 내딛어보시기 바랍니다.
773,rooster,닭띠,닭띠에게 이번 달은 인간관계가 풍성해지는 달입니다. 새로운 인연을 소중히 여기시기 바랍니다.
774,rooster,닭띠,닭띠 이번 달은 감사하는 마음이 더 큰 행운을 불러옵니다. 주변을 돌아보시기 바랍니다.
775,rooster,닭띠,닭띠에게 이번 달은 건강과 체력 관리가 중요합니다. 꾸준한 운동 습관을 만들어보시기 바랍니다.
776,rooster,닭띠,닭띠에게 이번 달은 인간관계가 풍성해지는 달입니다. 새로운 인연을 소중히 여기시기 바랍니다.
777,rooster,닭띠,닭띠에게 이번 달은 인간관계가 풍성해지는 달입니다. 새로운 인연을 소중히 여기시기 바랍니다.
778,rooster,닭띠,닭띠에게 이번 달은 건강과 체력 관리가 중요합니다. 꾸준한 운동 습관을 만들어보시기 바랍니다.
779,rooster,닭띠,닭띠 이번 달은 재물운이 서서히 상승합니다. 중순 이후 좋은 기회가 찾아올 수 있습니다.
780,rooster,닭띠,닭띠에게 이번 달은 여행이나 새로운 경험이 큰 영감을 줄 것입니다. 도전을 즐기시기 바랍니다.
781,rooster,닭띠,닭띠에게 이번 달은 건강과 체력 관리가 중요합니다. 꾸준한 운동 습관을 만들어보시기 바랍니다.
782,rooster,닭띠,닭띠에게 이번 달은 새로운 시작을 알리는 달입니다. 오랜 꿈을 향해 첫 걸음을 내딛어보시기 바랍니다.
783,rooster,닭띠,닭띠 이번 달은 감사하는 마음이 더 큰 행운을 불러옵니다. 주변을 돌아보시기 바랍니다.
784,rooster,닭띠,닭띠에게 이번 달은 건강과 체력 관리가 중요합니다. 꾸준한 운동 습관을 만들어보시기 바랍니다.
785,rooster,닭띠,닭띠 이번 달은 창의적인 에너지가 넘치는 시기입니다. 예술적 감각을 발휘해보시기 바랍니다.
786,rooster,닭띠,닭띠 이번 달은 창의적인 에너지가 넘치는 시기입니다. 예술적 감각을 발휘해보시기 바랍니다.
787,rooster,닭띠,닭띠에게 이번 달은 여행이나 새로운 경험이 큰 영감을 줄 것입니다. 도전을 즐기시기 바랍니다.
788,rooster,닭띠,닭띠 이번 달은 창의적인 에너지가 넘치는 시기입니다. 예술적 감각을 발휘해보시기 바랍니다.
789,rooster,닭띠,닭띠 이번 달은 재물운이 서서히 상승합니다. 중순 이후 좋은 기회가 찾아올 수 있습니다.
790,rooster,닭띠,닭띠에게 이번 달은 건강과 체력 관리가 중요합니다. 꾸준한 운동 습관을 만들어보시기 바랍니다.
791,rooster,닭띠,닭띠에게 이번 달은 여행이나 새로운 경험이 큰 영감을 줄 것입니다. 도전을 즐기시기 바랍니다.
792,rooster,닭띠,닭띠에게 이번 달은 새로운 시작을 알리는 달입니다. 오랜 꿈을 향해 첫 걸음을 내딛어보시기 바랍니다.
793,rooster,닭띠,닭띠에게 이번 달은 인간관계가 풍성해지는 달입니다. 새로운 인연을 소중히 여기시기 바랍니다.
794,rooster,닭띠,닭띠에게 이번 달은 인간관계가 풍성해지는 달입니다. 새로운 인연을 소중히 여기시기 바랍니다.
795,rooster,닭띠,닭띠에게 이번 달은 여행이나 새로운 경험이 큰 영감을 줄 것입니다. 도전을 즐기시기 바랍니다.
796,rooster,닭띠,닭띠에게 이번 달은 새로운 시작을 알리는 달입니다. 오랜 꿈을 향해 첫 걸음을 내딛어보시기 바랍니다.
797,rooster,닭띠,닭띠 이번 달은 감사하는 마음이 더 큰 행운을 불러옵니다. 주변을 돌아보시기 바랍니다.
798,rooster,닭띠,닭띠에게 이번 달은 인간관계가 풍성해지는 달입니다. 새로운 인연을 소중히 여기시기 바랍니다.
799,rooster,닭띠,닭띠 이번 달은 재물운이 서서히 상승합니다. 중순 이후 좋은 기회가 찾아올 수 있습니다.
800,rooster,닭띠,닭띠에게 이번 달은 건강과 체력 관리가 중요합니다. 꾸준한 운동 습관을 만들어보시기 바랍니다.
801,rooster,닭띠,닭띠에게 이번 달은 새로운 시작을 알리는 달입니다. 오랜 꿈을 향해 첫 걸음을 내딛어보시기 바랍니다.
802,rooster,닭띠,닭띠 이번 달은 창의적인 에너지가 넘치는 시기입니다. 예술적 감각을 발휘해보시기 바랍니다.
803,rooster,닭띠,닭띠에게 이번 달은 새로운 시작을 알리는 달입니다. 오랜 꿈을 향해 첫 걸음을 내딛어보시기 바랍니다.
804,rooster,닭띠,닭띠 이번 달은 감사하는 마음이 더 큰 행운을 불러옵니다. 주변을 돌아보시기 바랍니다.
805,rooster,닭띠,닭띠 이번 달은 재물운이 서서히 상승합니다. 중순 이후 좋은 기회가 찾아올 수 있습니다.
806,rooster,닭띠,닭띠 이번 달은 감사하는 마음이 더 큰 행운을 불러옵니다. 주변을 돌아보시기 바랍니다.
807,rooster,닭띠,닭띠에게 이번 달은 새로운 시작을 알리는 달입니다. 오랜 꿈을 향해 첫 걸음을 내딛어보시기 바랍니다.
808,rooster,닭띠,닭띠 이번 달은 창의적인 에너지가 넘치는 시기입니다. 예술적 감각을 발휘해보시기 바랍니다.
809,rooster,닭띠,닭띠 이번 달은 직장이나 사업에서 중요한 전환점이 될 수 있습니다. 준비를 철저히 하시기 바랍니다.
810,rooster,닭띠,닭띠에게 이번 달은 건강과 체력 관리가 중요합니다. 꾸준한 운동 습관을 만들어보시기 바랍니다.
811,rooster,닭띠,닭띠 이번 달은 창의적인 에너지가 넘치는 시기입니다. 예술적 감각을 발휘해보시기 바랍니다.
812,rooster,닭띠,닭띠 이번 달은 재물운이 서서히 상승합니다. 중순 이후 좋은 기회가 찾아올 수 있습니다.
813,rooster,닭띠,닭띠 이번 달은 감사하는 마음이 더 큰 행운을 불러옵니다. 주변을 돌아보시기 바랍니다.
814,rooster,닭띠,닭띠 이번 달은 직장이나 사업에서 중요한 전환점이 될 수 있습니다. 준비를 철저히 하시기 바랍니다.
815,rooster,닭띠,닭띠 이번 달은 재물운이 서서히 상승합니다. 중순 이후 좋은 기회가 찾아올 수 있습니다.
816,rooster,닭띠,닭띠에게 이번 달은 건강과 체력 관리가 중요합니다. 꾸준한 운동 습관을 만들어보시기 바랍니다.
817,rooster,닭띠,닭띠에게 이번 달은 건강과 체력 관리가 중요합니다. 꾸준한 운동 습관을 만들어보시기 바랍니다.
818,rooster,닭띠,닭띠 이번 달은 재물운이 서서히 상승합니다. 중순 이후 좋은 기회가 찾아올 수 있습니다.
819,rooster,닭띠,닭띠에게 이번 달은 인간관계가 풍성해지는 달입니다. 새로운 인연을 소중히 여기시기 바랍니다.
820,rooster,닭띠,닭띠 이번 달은 감사하는 마음이 더 큰 행운을 불러옵니다. 주변을 돌아보시기 바랍니다.
821,rooster,닭띠,닭띠에게 이번 달은 인간관계가 풍성해지는 달입니다. 새로운 인연을 소중히 여기시기 바랍니다.
822,rooster,닭띠,닭띠 이번 달은 재물운이 서서히 상승합니다. 중순 이후 좋은 기회가 찾아올 수 있습니다.
823,rooster,닭띠,닭띠에게 이번 달은 새로운 시작을 알리는 달입니다. 오랜 꿈을 향해 첫 걸음을 내딛어보시기 바랍니다.
824,rooster,닭띠,닭띠 이번 달은 감사하는 마음이 더 큰 행운을 불러옵니다. 주변을 돌아보시기 바랍니다.
825,rooster,닭띠,닭띠 이번 달은 창의적인 에너지가 넘치는 시기입니다. 예술적 감각을 발휘해보시기 바랍니다.
826,rooster,닭띠,닭띠에게 이번 달은 여행이나 새로운 경험이 큰 영감을 줄 것입니다. 도전을 즐기시기 바랍니다.
827,rooster,닭띠,닭띠 이번 달은 재물운이 서서히 상승합니다. 중순 이후 좋은 기회가 찾아올 수 있습니다.
828,rooster,닭띠,닭띠 이번 달은 직장이나 사업에서 중요한 전환점이 될 수 있습니다. 준비를 철저히 하시기 바랍니다.
829,rooster,닭띠,닭띠 이번 달은 재물운이 서서히 상승합니다. 중순 이후 좋은 기회가 찾아올 수 있습니다.
830,rooster,닭띠,닭띠에게 이번 달은 건강과 체력 관리가 중요합니다. 꾸준한 운동 습관을 만들어보시기 바랍니다.
831,rooster,닭띠,닭띠에게 이번 달은 인간관계가 풍성해지는 달입니다. 새로운 인연을 소중히 여기시기 바랍니다.
832,rooster,닭띠,닭띠 이번 달은 직장이나 사업에서 중요한 전환점이 될 수 있습니다. 준비를 철저히 하시기 바랍니다.
833,rooster,닭띠,닭띠 이번 달은 창의적인 에너지가 넘치는 시기입니다. 예술적 감각을 발휘해보시기 바랍니다.
834,rooster,닭띠,닭띠에게 이번 달은 여행이나 새로운 경험이 큰 영감을 줄 것입니다. 도전을 즐기시기 바랍니다.
835,rooster,닭띠,닭띠 이번 달은 감사하는 마음이 더 큰 행운을 불러옵니다. 주변을 돌아보시기 바랍니다.
836,rooster,닭띠,닭띠 이번 달은 재물운이 서서히 상승합니다. 중순 이후 좋은 기회가 찾아올 수 있습니다.
837,rooster,닭띠,닭띠 이번 달은 직장이나 사업에서 중요한 전환점이 될 수 있습니다. 준비를 철저히 하시기 바랍니다.
838,rooster,닭띠,닭띠에게 이번 달은 건강과 체력 관리가 중요합니다. 꾸준한 운동 습관을 만들어보시기 바랍니다.
839,rooster,닭띠,닭띠에게 이번 달은 새로운 시작을 알리는 달입니다. 오랜 꿈을 향해 첫 걸음을 내딛어보시기 바랍니다.
840,rooster,닭띠,닭띠에게 이번 달은 인간관계가 풍성해지는 달입니다. 새로운 인연을 소중히 여기시기 바랍니다.
841,dog,개띠,개띠 이번 달은 창의적인 에너지가 넘치는 시기입니다. 예술적 감각을 발휘해보시기 바랍니다.
842,dog,개띠,개띠에게 이번 달은 여행이나 새로운 경험이 큰 영감을 줄 것입니다. 도전을 즐기시기 바랍니다.
843,dog,개띠,개띠에게 이번 달은 건강과 체력 관리가 중요합니다. 꾸준한 운동 습관을 만들어보시기 바랍니다.
844,dog,개띠,개띠에게 이번 달은 여행이나 새로운 경험이 큰 영감을 줄 것입니다. 도전을 즐기시기 바랍니다.
845,dog,개띠,개띠에게 이번 달은 인간관계가 풍성해지는 달입니다. 새로운 인연을 소중히 여기시기 바랍니다.
846,dog,개띠,개띠 이번 달은 창의적인 에너지가 넘치는 시기입니다. 예술적 감각을 발휘해보시기 바랍니다.
847,dog,개띠,개띠에게 이번 달은 건강과 체력 관리가 중요합니다. 꾸준한 운동 습관을 만들어보시기 바랍니다.
848,dog,개띠,개띠 이번 달은 창의적인 에너지가 넘치는 시기입니다. 예술적 감각을 발휘해보시기 바랍니다.
849,dog,개띠,개띠 이번 달은 재물운이 서서히 상승합니다. 중순 이후 좋은 기회가 찾아올 수 있습니다.
850,dog,개띠,개띠에게 이번 달은 여행이나 새로운 경험이 큰 영감을 줄 것입니다. 도전을 즐기시기 바랍니다.
851,dog,개띠,개띠에게 이번 달은 새로운 시작을 알리는 달입니다. 오랜 꿈을 향해 첫 걸음을 내딛어보시기 바랍니다.
852,dog,개띠,개띠에게 이번 달은 여행이나 새로운 경험이 큰 영감을 줄 것입니다. 도전을 즐기시기 바랍니다.
853,dog,개띠,개띠에게 이번 달은 여행이나 새로운 경험이 큰 영감을 줄 것입니다. 도전을 즐기시기 바랍니다.
854,dog,개띠,개띠에게 이번 달은 새로운 시작을 알리는 달입니다. 오랜 꿈을 향해 첫 걸음을 내딛어보시기 바랍니다.
855,dog,개띠,개띠 이번 달은 감사하는 마음이 더 큰 행운을 불러옵니다. 주변을 돌아보시기 바랍니다.
856,dog,개띠,개띠 이번 달은 감사하는 마음이 더 큰 행운을 불러옵니다. 주변을 돌아보시기 바랍니다.
857,dog,개띠,개띠에게 이번 달은 건강과 체력 관리가 중요합니다. 꾸준한 운동 습관을 만들어보시기 바랍니다.
858,dog,개띠,개띠에게 이번 달은 인간관계가 풍성해지는 달입니다. 새로운 인연을 소중히 여기시기 바랍니다.
859,dog,개띠,개띠에게 이번 달은 인간관계가 풍성해지는 달입니다. 새로운 인연을 소중히 여기시기 바랍니다.
860,dog,개띠,개띠에게 이번 달은 인간관계가 풍성해지는 달입니다. 새로운 인연을 소중히 여기시기 바랍니다.
861,dog,개띠,개띠에게 이번 달은 새로운 시작을 알리는 달입니다. 오랜 꿈을 향해 첫 걸음을 내딛어보시기 바랍니다.
862,dog,개띠,개띠 이번 달은 직장이나 사업에서 중요한 전환점이 될 수 있습니다. 준비를 철저히 하시기 바랍니다.
863,dog,개띠,개띠에게 이번 달은 새로운 시작을 알리는 달입니다. 오랜 꿈을 향해 첫 걸음을 내딛어보시기 바랍니다.
864,dog,개띠,개띠에게 이번 달은 건강과 체력 관리가 중요합니다. 꾸준한 운동 습관을 만들어보시기 바랍니다.
865,dog,개띠,개띠 이번 달은 창의적인 에너지가 넘치는 시기입니다. 예술적 감각을 발휘해보시기 바랍니다.
866,dog,개띠,개띠 이번 달은 창의적인 에너지가 넘치는 시기입니다. 예술적 감각을 발휘해보시기 바랍니다.
867,dog,개띠,개띠에게 이번 달은 건강과 체력 관리가 중요합니다. 꾸준한 운동 습관을 만들어보시기 바랍니다.
868,dog,개띠,개띠에게 이번 달은 건강과 체력 관리가 중요합니다. 꾸준한 운동 습관을 만들어보시기 바랍니다.
869,dog,개띠,개띠 이번 달은 감사하는 마음이 더 큰 행운을 불러옵니다. 주변을 돌아보시기 바랍니다.
870,dog,개띠,개띠 이번 달은 재물운이 서서히 상승합니다. 중순 이후 좋은 기회가 찾아올 수 있습니다.
871,dog,개띠,개띠 이번 달은 직장이나 사업에서 중요한 전환점이 될 수 있습니다. 준비를 철저히 하시기 바랍니다.
872,dog,개띠,개띠에게 이번 달은 인간관계가 풍성해지는 달입니다. 새로운 인연을 소중히 여기시기 바랍니다.
873,dog,개띠,개띠에게 이번 달은 인간관계가 풍성해지는 달입니다. 새로운 인연을 소중히 여기시기 바랍니다.
874,dog,개띠,개띠에게 이번 달은 건강과 체력 관리가 중요합니다. 꾸준한 운동 습관을 만들어보시기 바랍니다.
875,dog,개띠,개띠 이번 달은 재물운이 서서히 상승합니다. 중순 이후 좋은 기회가 찾아올 수 있습니다.
876,dog,개띠,개띠에게 이번 달은 새로운 시작을 알리는 달입니다. 오랜 꿈을 향해 첫 걸음을 내딛어보시기 바랍니다.
877,dog,개띠,개띠 이번 달은 감사하는 마음이 더 큰 행운을 불러옵니다. 주변을 돌아보시기 바랍니다.
878,dog,개띠,개띠에게 이번 달은 건강과 체력 관리가 중요합니다. 꾸준한 운동 습관을 만들어보시기 바랍니다.
879,dog,개띠,개띠에게 이번 달은 새로운 시작을 알리는 달입니다. 오랜 꿈을 향해 첫 걸음을 내딛어보시기 바랍니다.
880,dog,개띠,개띠에게 이번 달은 인간관계가 풍성해지는 달입니다. 새로운 인연을 소중히 여기시기 바랍니다.
881,dog,개띠,개띠에게 이번 달은 건강과 체력 관리가 중요합니다. 꾸준한 운동 습관을 만들어보시기 바랍니다.
882,dog,개띠,개띠에게 이번 달은 건강과 체력 관리가 중요합니다. 꾸준한 운동 습관을 만들어보시기 바랍니다.
883,dog,개띠,개띠 이번 달은 직장이나 사업에서 중요한 전환점이 될 수 있습니다. 준비를 철저히 하시기 바랍니다.
884,dog,개띠,개띠 이번 달은 감사하는 마음이 더 큰 행운을 불러옵니다. 주변을 돌아보시기 바랍니다.
885,dog,개띠,개띠 이번 달은 감사하는 마음이 더 큰 행운을 불러옵니다. 주변을 돌아보시기 바랍니다.
886,dog,개띠,개띠에게 이번 달은 새로운 시작을 알리는 달입니다. 오랜 꿈을 향해 첫 걸음을 내딛어보시기 바랍니다.
887,dog,개띠,개띠에게 이번 달은 새로운 시작을 알리는 달입니다. 오랜 꿈을 향해 첫 걸음을 내딛어보시기 바랍니다.
888,dog,개띠,개띠에게 이번 달은 인간관계가 풍성해지는 달입니다. 새로운 인연을 소중히 여기시기 바랍니다.
889,dog,개띠,개띠 이번 달은 직장이나 사업에서 중요한 전환점이 될 수 있습니다. 준비를 철저히 하시기 바랍니다.
890,dog,개띠,개띠에게 이번 달은 건강과 체력 관리가 중요합니다. 꾸준한 운동 습관을 만들어보시기 바랍니다.
891,dog,개띠,개띠 이번 달은 감사하는 마음이 더 큰 행운을 불러옵니다. 주변을 돌아보시기 바랍니다.
892,dog,개띠,개띠 이번 달은 감사하는 마음이 더 큰 행운을 불러옵니다. 주변을 돌아보시기 바랍니다.
893,dog,개띠,개띠에게 이번 달은 건강과 체력 관리가 중요합니다. 꾸준한 운동 습관을 만들어보시기 바랍니다.
894,dog,개띠,개띠에게 이번 달은 새로운 시작을 알리는 달입니다. 오랜 꿈을 향해 첫 걸음을 내딛어보시기 바랍니다.
895,dog,개띠,개띠에게 이번 달은 인간관계가 풍성해지는 달입니다. 새로운 인연을 소중히 여기시기 바랍니다.
896,dog,개띠,개띠 이번 달은 감사하는 마음이 더 큰 행운을 불러옵니다. 주변을 돌아보시기 바랍니다.
897,dog,개띠,개띠 이번 달은 직장이나 사업에서 중요한 전환점이 될 수 있습니다. 준비를 철저히 하시기 바랍니다.
898,dog,개띠,개띠 이번 달은 재물운이 서서히 상승합니다. 중순 이후 좋은 기회가 찾아올 수 있습니다.
899,dog,개띠,개띠 이번 달은 감사하는 마음이 더 큰 행운을 불러옵니다. 주변을 돌아보시기 바랍니다.
900,dog,개띠,개띠에게 이번 달은 여행이나 새로운 경험이 큰 영감을 줄 것입니다. 도전을 즐기시기 바랍니다.
901,dog,개띠,개띠 이번 달은 감사하는 마음이 더 큰 행운을 불러옵니다. 주변을 돌아보시기 바랍니다.
902,dog,개띠,개띠에게 이번 달은 여행이나 새로운 경험이 큰 영감을 줄 것입니다. 도전을 즐기시기 바랍니다.
903,dog,개띠,개띠 이번 달은 감사하는 마음이 더 큰 행운을 불러옵니다. 주변을 돌아보시기 바랍니다.
904,dog,개띠,개띠 이번 달은 재물운이 서서히 상승합니다. 중순 이후 좋은 기회가 찾아올 수 있습니다.
905,dog,개띠,개띠 이번 달은 직장이나 사업에서 중요한 전환점이 될 수 있습니다. 준비를 철저히 하시기 바랍니다.
906,dog,개띠,개띠에게 이번 달은 새로운 시작을 알리는 달입니다. 오랜 꿈을 향해 첫 걸음을 내딛어보시기 바랍니다.
907,dog,개띠,개띠 이번 달은 재물운이 서서히 상승합니다. 중순 이후 좋은 기회가 찾아올 수 있습니다.
908,dog,개띠,개띠 이번 달은 재물운이 서서히 상승합니다. 중순 이후 좋은 기회가 찾아올 수 있습니다.
909,dog,개띠,개띠에게 이번 달은 새로운 시작을 알리는 달입니다. 오랜 꿈을 향해 첫 걸음을 내딛어보시기 바랍니다.
910,dog,개띠,개띠 이번 달은 직장이나 사업에서 중요한 전환점이 될 수 있습니다. 준비를 철저히 하시기 바랍니다.
911,dog,개띠,개띠에게 이번 달은 건강과 체력 관리가 중요합니다. 꾸준한 운동 습관을 만들어보시기 바랍니다.
912,dog,개띠,개띠 이번 달은 직장이나 사업에서 중요한 전환점이 될 수 있습니다. 준비를 철저히 하시기 바랍니다.
913,dog,개띠,개띠 이번 달은 창의적인 에너지가 넘치는 시기입니다. 예술적 감각을 발휘해보시기 바랍니다.
914,dog,개띠,개띠에게 이번 달은 인간관계가 풍성해지는 달입니다. 새로운 인연을 소중히 여기시기 바랍니다.
915,dog,개띠,개띠 이번 달은 감사하는 마음이 더 큰 행운을 불러옵니다. 주변을 돌아보시기 바랍니다.
916,dog,개띠,개띠 이번 달은 감사하는 마음이 더 큰 행운을 불러옵니다. 주변을 돌아보시기 바랍니다.
917,dog,개띠,개띠에게 이번 달은 인간관계가 풍성해지는 달입니다. 새로운 인연을 소중히 여기시기 바랍니다.
918,dog,개띠,개띠에게 이번 달은 여행이나 새로운 경험이 큰 영감을 줄 것입니다. 도전을 즐기시기 바랍니다.
919,dog,개띠,개띠 이번 달은 재물운이 서서히 상승합니다. 중순 이후 좋은 기회가 찾아올 수 있습니다.
920,dog,개띠,개띠 이번 달은 재물운이 서서히 상승합니다. 중순 이후 좋은 기회가 찾아올 수 있습니다.
921,dog,개띠,개띠에게 이번 달은 여행이나 새로운 경험이 큰 영감을 줄 것입니다. 도전을 즐기시기 바랍니다.
922,dog,개띠,개띠에게 이번 달은 건강과 체력 관리가 중요합니다. 꾸준한 운동 습관을 만들어보시기 바랍니다.
923,dog,개띠,개띠 이번 달은 직장이나 사업에서 중요한 전환점이 될 수 있습니다. 준비를 철저히 하시기 바랍니다.
924,dog,개띠,개띠에게 이번 달은 인간관계가 풍성해지는 달입니다. 새로운 인연을 소중히 여기시기 바랍니다.
925,pig,돼지띠,돼지띠 이번 달은 직장이나 사업에서 중요한 전환점이 될 수 있습니다. 준비를 철저히 하시기 바랍니다.
926,pig,돼지띠,돼지띠 이번 달은 재물운이 서서히 상승합니다. 중순 이후 좋은 기회가 찾아올 수 있습니다.
927,pig,돼지띠,돼지띠에게 이번 달은 여행이나 새로운 경험이 큰 영감을 줄 것입니다. 도전을 즐기시기 바랍니다.
928,pig,돼지띠,돼지띠에게 이번 달은 여행이나 새로운 경험이 큰 영감을 줄 것입니다. 도전을 즐기시기 바랍니다.
929,pig,돼지띠,돼지띠에게 이번 달은 건강과 체력 관리가 중요합니다. 꾸준한 운동 습관을 만들어보시기 바랍니다.
930,pig,돼지띠,돼지띠 이번 달은 창의적인 에너지가 넘치는 시기입니다. 예술적 감각을 발휘해보시기 바랍니다.
931,pig,돼지띠,돼지띠에게 이번 달은 인간관계가 풍성해지는 달입니다. 새로운 인연을 소중히 여기시기 바랍니다.
932,pig,돼지띠,돼지띠에게 이번 달은 건강과 체력 관리가 중요합니다. 꾸준한 운동 습관을 만들어보시기 바랍니다.
933,pig,돼지띠,돼지띠 이번 달은 창의적인 에너지가 넘치는 시기입니다. 예술적 감각을 발휘해보시기 바랍니다.
934,pig,돼지띠,돼지띠에게 이번 달은 인간관계가 풍성해지는 달입니다. 새로운 인연을 소중히 여기시기 바랍니다.
935,pig,돼지띠,돼지띠에게 이번 달은 새로운 시작을 알리는 달입니다. 오랜 꿈을 향해 첫 걸음을 내딛어보시기 바랍니다.
936,pig,돼지띠,돼지띠에게 이번 달은 인간관계가 풍성해지는 달입니다. 새로운 인연을 소중히 여기시기 바랍니다.
937,pig,돼지띠,돼지띠 이번 달은 창의적인 에너지가 넘치는 시기입니다. 예술적 감각을 발휘해보시기 바랍니다.
938,pig,돼지띠,돼지띠에게 이번 달은 새로운 시작을 알리는 달입니다. 오랜 꿈을 향해 첫 걸음을 내딛어보시기 바랍니다.
939,pig,돼지띠,돼지띠 이번 달은 감사하는 마음이 더 큰 행운을 불러옵니다. 주변을 돌아보시기 바랍니다.
940,pig,돼지띠,돼지띠에게 이번 달은 새로운 시작을 알리는 달입니다. 오랜 꿈을 향해 첫 걸음을 내딛어보시기 바랍니다.
941,pig,돼지띠,돼지띠 이번 달은 직장이나 사업에서 중요한 전환점이 될 수 있습니다. 준비를 철저히 하시기 바랍니다.
942,pig,돼지띠,돼지띠 이번 달은 재물운이 서서히 상승합니다. 중순 이후 좋은 기회가 찾아올 수 있습니다.
943,pig,돼지띠,돼지띠에게 이번 달은 인간관계가 풍성해지는 달입니다. 새로운 인연을 소중히 여기시기 바랍니다.
944,pig,돼지띠,돼지띠 이번 달은 감사하는 마음이 더 큰 행운을 불러옵니다. 주변을 돌아보시기 바랍니다.
945,pig,돼지띠,돼지띠에게 이번 달은 건강과 체력 관리가 중요합니다. 꾸준한 운동 습관을 만들어보시기 바랍니다.
946,pig,돼지띠,돼지띠에게 이번 달은 새로운 시작을 알리는 달입니다. 오랜 꿈을 향해 첫 걸음을 내딛어보시기 바랍니다.
947,pig,돼지띠,돼지띠 이번 달은 감사하는 마음이 더 큰 행운을 불러옵니다. 주변을 돌아보시기 바랍니다.
948,pig,돼지띠,돼지띠에게 이번 달은 인간관계가 풍성해지는 달입니다. 새로운 인연을 소중히 여기시기 바랍니다.
949,pig,돼지띠,돼지띠 이번 달은 재물운이 서서히 상승합니다. 중순 이후 좋은 기회가 찾아올 수 있습니다.
950,pig,돼지띠,돼지띠에게 이번 달은 새로운 시작을 알리는 달입니다. 오랜 꿈을 향해 첫 걸음을 내딛어보시기 바랍니다.
951,pig,돼지띠,돼지띠에게 이번 달은 인간관계가 풍성해지는 달입니다. 새로운 인연을 소중히 여기시기 바랍니다.
952,pig,돼지띠,돼지띠 이번 달은 직장이나 사업에서 중요한 전환점이 될 수 있습니다. 준비를 철저히 하시기 바랍니다.
953,pig,돼지띠,돼지띠에게 이번 달은 건강과 체력 관리가 중요합니다. 꾸준한 운동 습관을 만들어보시기 바랍니다.
954,pig,돼지띠,돼지띠에게 이번 달은 건강과 체력 관리가 중요합니다. 꾸준한 운동 습관을 만들어보시기 바랍니다.
955,pig,돼지띠,돼지띠에게 이번 달은 여행이나 새로운 경험이 큰 영감을 줄 것입니다. 도전을 즐기시기 바랍니다.
956,pig,돼지띠,돼지띠 이번 달은 감사하는 마음이 더 큰 행운을 불러옵니다. 주변을 돌아보시기 바랍니다.
957,pig,돼지띠,돼지띠 이번 달은 창의적인 에너지가 넘치는 시기입니다. 예술적 감각을 발휘해보시기 바랍니다.
958,pig,돼지띠,돼지띠에게 이번 달은 인간관계가 풍성해지는 달입니다. 새로운 인연을 소중히 여기시기 바랍니다.
959,pig,돼지띠,돼지띠 이번 달은 재물운이 서서히 상승합니다. 중순 이후 좋은 기회가 찾아올 수 있습니다.
960,pig,돼지띠,돼지띠 이번 달은 직장이나 사업에서 중요한 전환점이 될 수 있습니다. 준비를 철저히 하시기 바랍니다.
961,pig,돼지띠,돼지띠에게 이번 달은 건강과 체력 관리가 중요합니다. 꾸준한 운동 습관을 만들어보시기 바랍니다.
962,pig,돼지띠,돼지띠 이번 달은 직장이나 사업에서 중요한 전환점이 될 수 있습니다. 준비를 철저히 하시기 바랍니다.
963,pig,돼지띠,돼지띠 이번 달은 창의적인 에너지가 넘치는 시기입니다. 예술적 감각을 발휘해보시기 바랍니다.
964,pig,돼지띠,돼지띠에게 이번 달은 새로운 시작을 알리는 달입니다. 오랜 꿈을 향해 첫 걸음을 내딛어보시기 바랍니다.
965,pig,돼지띠,돼지띠에게 이번 달은 인간관계가 풍성해지는 달입니다. 새로운 인연을 소중히 여기시기 바랍니다.
966,pig,돼지띠,돼지띠 이번 달은 감사하는 마음이 더 큰 행운을 불러옵니다. 주변을 돌아보시기 바랍니다.
967,pig,돼지띠,돼지띠 이번 달은 재물운이 서서히 상승합니다. 중순 이후 좋은 기회가 찾아올 수 있습니다.
968,pig,돼지띠,돼지띠 이번 달은 직장이나 사업에서 중요한 전환점이 될 수 있습니다. 준비를 철저히 하시기 바랍니다.
969,pig,돼지띠,돼지띠 이번 달은 창의적인 에너지가 넘치는 시기입니다. 예술적 감각을 발휘해보시기 바랍니다.
970,pig,돼지띠,돼지띠에게 이번 달은 건강과 체력 관리가 중요합니다. 꾸준한 운동 습관을 만들어보시기 바랍니다.
971,pig,돼지띠,돼지띠 이번 달은 직장이나 사업에서 중요한 전환점이 될 수 있습니다. 준비를 철저히 하시기 바랍니다.
972,pig,돼지띠,돼지띠에게 이번 달은 새로운 시작을 알리는 달입니다. 오랜 꿈을 향해 첫 걸음을 내딛어보시기 바랍니다.
973,pig,돼지띠,돼지띠에게 이번 달은 새로운 시작을 알리는 달입니다. 오랜 꿈을 향해 첫 걸음을 내딛어보시기 바랍니다.
974,pig,돼지띠,돼지띠 이번 달은 창의적인 에너지가 넘치는 시기입니다. 예술적 감각을 발휘해보시기 바랍니다.
975,pig,돼지띠,돼지띠에게 이번 달은 새로운 시작을 알리는 달입니다. 오랜 꿈을 향해 첫 걸음을 내딛어보시기 바랍니다.
976,pig,돼지띠,돼지띠 이번 달은 직장이나 사업에서 중요한 전환점이 될 수 있습니다. 준비를 철저히 하시기 바랍니다.
977,pig,돼지띠,돼지띠에게 이번 달은 건강과 체력 관리가 중요합니다. 꾸준한 운동 습관을 만들어보시기 바랍니다.
978,pig,돼지띠,돼지띠에게 이번 달은 새로운 시작을 알리는 달입니다. 오랜 꿈을 향해 첫 걸음을 내딛어보시기 바랍니다.
979,pig,돼지띠,돼지띠에게 이번 달은 여행이나 새로운 경험이 큰 영감을 줄 것입니다. 도전을 즐기시기 바랍니다.
980,pig,돼지띠,돼지띠 이번 달은 감사하는 마음이 더 큰 행운을 불러옵니다. 주변을 돌아보시기 바랍니다.
981,pig,돼지띠,돼지띠에게 이번 달은 새로운 시작을 알리는 달입니다. 오랜 꿈을 향해 첫 걸음을 내딛어보시기 바랍니다.
982,pig,돼지띠,돼지띠 이번 달은 창의적인 에너지가 넘치는 시기입니다. 예술적 감각을 발휘해보시기 바랍니다.
983,pig,돼지띠,돼지띠 이번 달은 직장이나 사업에서 중요한 전환점이 될 수 있습니다. 준비를 철저히 하시기 바랍니다.
984,pig,돼지띠,돼지띠에게 이번 달은 새로운 시작을 알리는 달입니다. 오랜 꿈을 향해 첫 걸음을 내딛어보시기 바랍니다.
985,pig,돼지띠,돼지띠 이번 달은 재물운이 서서히 상승합니다. 중순 이후 좋은 기회가 찾아올 수 있습니다.
986,pig,돼지띠,돼지띠 이번 달은 직장이나 사업에서 중요한 전환점이 될 수 있습니다. 준비를 철저히 하시기 바랍니다.
987,pig,돼지띠,돼지띠 이번 달은 창의적인 에너지가 넘치는 시기입니다. 예술적 감각을 발휘해보시기 바랍니다.
988,pig,돼지띠,돼지띠 이번 달은 창의적인 에너지가 넘치는 시기입니다. 예술적 감각을 발휘해보시기 바랍니다.
989,pig,돼지띠,돼지띠 이번 달은 창의적인 에너지가 넘치는 시기입니다. 예술적 감각을 발휘해보시기 바랍니다.
990,pig,돼지띠,돼지띠에게 이번 달은 건강과 체력 관리가 중요합니다. 꾸준한 운동 습관을 만들어보시기 바랍니다.
991,pig,돼지띠,돼지띠 이번 달은 직장이나 사업에서 중요한 전환점이 될 수 있습니다. 준비를 철저히 하시기 바랍니다.
992,pig,돼지띠,돼지띠에게 이번 달은 여행이나 새로운 경험이 큰 영감을 줄 것입니다. 도전을 즐기시기 바랍니다.
993,pig,돼지띠,돼지띠 이번 달은 재물운이 서서히 상승합니다. 중순 이후 좋은 기회가 찾아올 수 있습니다.
994,pig,돼지띠,돼지띠 이번 달은 창의적인 에너지가 넘치는 시기입니다. 예술적 감각을 발휘해보시기 바랍니다.
995,pig,돼지띠,돼지띠 이번 달은 직장이나 사업에서 중요한 전환점이 될 수 있습니다. 준비를 철저히 하시기 바랍니다.
996,pig,돼지띠,돼지띠 이번 달은 재물운이 서서히 상승합니다. 중순 이후 좋은 기회가 찾아올 수 있습니다.
997,pig,돼지띠,돼지띠에게 이번 달은 인간관계가 풍성해지는 달입니다. 새로운 인연을 소중히 여기시기 바랍니다.
998,pig,돼지띠,돼지띠에게 이번 달은 인간관계가 풍성해지는 달입니다. 새로운 인연을 소중히 여기시기 바랍니다.
999,pig,돼지띠,돼지띠 이번 달은 감사하는 마음이 더 큰 행운을 불러옵니다. 주변을 돌아보시기 바랍니다.
1000,pig,돼지띠,돼지띠 이번 달은 직장이나 사업에서 중요한 전환점이 될 수 있습니다. 준비를 철저히 하시기 바랍니다.
1001,pig,돼지띠,돼지띠에게 이번 달은 새로운 시작을 알리는 달입니다. 오랜 꿈을 향해 첫 걸음을 내딛어보시기 바랍니다.
1002,pig,돼지띠,돼지띠 이번 달은 감사하는 마음이 더 큰 행운을 불러옵니다. 주변을 돌아보시기 바랍니다.
1003,pig,돼지띠,돼지띠에게 이번 달은 여행이나 새로운 경험이 큰 영감을 줄 것입니다. 도전을 즐기시기 바랍니다.
1004,pig,돼지띠,돼지띠에게 이번 달은 새로운 시작을 알리는 달입니다. 오랜 꿈을 향해 첫 걸음을 내딛어보시기 바랍니다.
1005,pig,돼지띠,돼지띠에게 이번 달은 인간관계가 풍성해지는 달입니다. 새로운 인연을 소중히 여기시기 바랍니다.
1006,pig,돼지띠,돼지띠 이번 달은 재물운이 서서히 상승합니다. 중순 이후 좋은 기회가 찾아올 수 있습니다.
1007,pig,돼지띠,돼지띠에게 이번 달은 건강과 체력 관리가 중요합니다. 꾸준한 운동 습관을 만들어보시기 바랍니다.
1008,pig,돼지띠,돼지띠에게 이번 달은 건강과 체력 관리가 중요합니다. 꾸준한 운동 습관을 만들어보시기 바랍니다.
