id,post_type,category,sentence
1,zodiac,인생,"오늘 별자리 흐름을 살피다 보니, 삶의 깊은 결을 담은 고전의 문장 하나가 서가 사이에서 눈에 밟혔습니다."
2,zodiac,인생,"오늘의 기운을 읽어 내려가다 문득, 삶의 무게를 조용히 담아낸 철학자의 말 한 줄이 손에 잡혔습니다."
3,zodiac,인생,무수한 인생의 기록 속에서 오늘 당신의 하루와 가장 맞닿은 문장을 서재에서 찾아보았습니다.
4,zodiac,인생,"오늘 별자리의 흐름을 정리하다 보니, 삶이라는 긴 여정을 가장 단단하게 요약한 구절 하나가 떠올랐습니다."
5,zodiac,인생,삶의 방향을 다시 가다듬어야 할 때 서가에서 꺼내놓는 문장들이 있습니다. 오늘이 그런 날이었습니다.
6,zodiac,인생,"오늘의 흐름을 따라가다 보니, 오랜 세월을 견뎌온 한 문장이 유독 선명하게 눈앞에 남았습니다."
7,zodiac,인생,"서재를 거닐다 우연히 손에 잡힌 책 한 권, 그 안에서 오늘의 당신에게 건네고 싶은 구절을 발견했습니다."
8,zodiac,성장,"오늘 별자리 흐름을 정리하면서, 변화와 성장에 대한 기록을 살피다가 이 문장이 자연스럽게 손에 잡혔습니다."
9,zodiac,성장,오늘의 에너지를 읽다 보니 성장과 전진에 관한 서가 한 켠이 눈에 들어왔습니다. 그 안에서 이 구절을 꺼냈습니다.
10,zodiac,성장,"나아감과 변화에 대한 책들 사이를 거닐다가, 오늘의 당신에게 꼭 어울리는 문장 하나를 발견했습니다."
11,zodiac,성장,"오늘 별자리의 흐름 속에서 성장의 방향을 짚어보다가, 이 오래된 구절이 가장 정확한 나침반이 되어주었습니다."
12,zodiac,성장,"서재에서 성장과 변화를 다룬 책들을 넘기다 보니, 오늘의 당신에게 건네고 싶은 한 줄이 남았습니다."
13,zodiac,성장,"오늘 흐름을 따라가다 문득, 조용히 앞으로 나아가는 것의 의미를 담은 철학자의 말 한 줄이 생각났습니다."
14,zodiac,성장,오늘의 별자리 기운을 살피다 보니 성장에 관한 오래된 지혜 하나가 서가 사이에서 빛을 발했습니다.
15,zodiac,도전,"오늘 별자리를 정리하다 보니, 결단과 도전의 무게를 가장 단단하게 담아낸 문장 하나가 책장 사이에서 눈에 밟혔습니다."
16,zodiac,도전,"오늘의 기운 속에서 용기와 도전에 관한 서가를 거닐다가, 이 구절이 가장 먼저 손에 잡혀 왔습니다."
17,zodiac,도전,"서랍 속 깊이 간직해 온 책 한 권을 꺼내어 읽다가, 도전과 용기에 대한 문장 하나가 오늘의 당신을 향해 손짓했습니다."
18,zodiac,도전,"오늘 별자리의 에너지를 읽으면서, 멈추지 않는 것의 의미를 담아낸 한 줄이 유독 마음에 남았습니다."
19,zodiac,도전,"오늘의 흐름을 따라가다 보니, 두려움 앞에서도 나아가는 것에 대한 고전의 한 구절이 선명하게 떠올랐습니다."
20,zodiac,도전,"용기와 결단에 대한 기록들을 살피다 보니, 오늘의 당신에게 꼭 전하고 싶은 문장 하나를 서가에서 발견했습니다."
21,zodiac,도전,"오늘 별자리 기운을 정리하면서, 도전이라는 말의 진짜 무게를 담아낸 오래된 구절 하나가 자연스럽게 손에 잡혔습니다."
22,zodiac,인내,"오늘 별자리 흐름을 살피다 보니, 기다림과 인내의 의미를 가장 담담하게 담아낸 문장 하나가 눈에 들어왔습니다."
23,zodiac,인내,"서재 한편, 인내와 기다림에 대한 책들을 정리하다 보니 오늘의 당신에게 건네고 싶은 구절 하나를 찾았습니다."
24,zodiac,인내,"오늘의 기운을 읽어가다 문득, 묵묵히 버티는 것의 가치를 담아낸 철학자의 말 한 줄이 떠올랐습니다."
25,zodiac,인내,"오늘 별자리를 정리하면서, 꾸준함과 인내에 관한 오래된 기록을 살피다 이 구절이 자연스럽게 손에 잡혔습니다."
26,zodiac,인내,"기다림을 다룬 서가를 거닐다가, 오늘의 당신 곁에 조용히 놓아두고 싶은 문장 하나를 발견했습니다."
27,zodiac,인내,"오늘의 흐름을 따라가다 보니, 오래 기다린 것들이 결국 자리를 잡는다는 말이 유독 선명하게 남았습니다."
28,zodiac,인내,"서랍 속 깊이 넣어두었던 책에서 인내의 의미를 담아낸 한 줄을 꺼내, 오늘의 당신에게 조용히 건네봅니다."
29,zodiac,관계,오늘 별자리 흐름을 살피다가 사람과 사람 사이의 연결을 가장 다정하게 담아낸 문장 하나가 서가에서 눈에 밟혔습니다.
30,zodiac,관계,"오늘의 에너지를 읽어가다 보니, 인연과 관계에 대한 오래된 기록 하나가 문득 손에 잡혔습니다."
31,zodiac,관계,"관계와 인연을 다룬 서가를 거닐다가, 오늘의 당신이 마주할 사람들에게 건네고 싶은 구절을 발견했습니다."
32,zodiac,관계,오늘 별자리의 흐름 속에서 사람의 온기에 대해 가장 정확하게 표현한 문장 하나를 서재에서 찾았습니다.
33,zodiac,관계,"오늘의 기운을 정리하면서, 관계의 결을 담아낸 철학자의 말 한 줄이 유독 오래 마음에 남았습니다."
34,zodiac,관계,"사람과 인연에 대한 책들을 살피다 보니, 오늘의 당신 곁에 조용히 놓아두고 싶은 구절 하나를 발견했습니다."
35,zodiac,관계,"오늘 별자리를 정리하다 문득, 관계 속에서 우리가 서로에게 주는 것의 의미를 담은 구절이 떠올랐습니다."
36,chinese,인생,"오늘 띠별 흐름을 살피다 보니, 삶의 긴 여정을 가장 담담하게 담아낸 고전의 한 구절이 서가 사이에서 눈에 밟혔습니다."
37,chinese,인생,"오늘의 띠별 기운을 읽어 내려가다 문득, 삶의 무게를 조용히 안아낸 철학자의 말 한 줄이 손에 잡혔습니다."
38,chinese,인생,무수한 인생의 기록 속에서 오늘 당신의 흐름과 가장 맞닿은 문장 하나를 서재에서 꺼내 왔습니다.
39,chinese,인생,"오늘의 흐름을 돌아보다 문득, 삶이라는 이름의 긴 글 안에서 가장 빛나는 한 줄이 떠올랐습니다."
40,chinese,인생,"삶에 관한 오래된 기록들을 살피다 보니, 오늘의 당신에게 조용히 건네고 싶은 문장 하나가 손에 잡혔습니다."
41,chinese,인생,"오늘 띠별 흐름을 따라가다 문득, 인생이라는 긴 여정을 가장 단단하게 요약한 구절이 눈앞에 남았습니다."
42,chinese,인생,"서재를 거닐다 우연히 꺼낸 책 한 권에서, 당신의 오늘과 닮은 문장 하나를 발견했습니다."
43,chinese,성장,"오늘 띠별 흐름을 정리하면서, 변화와 성장에 관한 서가를 거닐다가 이 구절이 자연스럽게 손에 잡혔습니다."
44,chinese,성장,오늘의 기운을 읽다 보니 나아감과 변화에 대한 책 한 권이 눈에 들어왔습니다. 그 안에서 이 문장을 꺼냈습니다.
45,chinese,성장,"성장과 전진에 대한 기록들을 살피다가, 오늘의 당신에게 꼭 어울리는 구절 하나를 서재에서 발견했습니다."
46,chinese,성장,오늘 띠의 흐름 속에서 조금씩 나아가는 것의 의미를 담은 오래된 문장 하나가 자연스럽게 떠올랐습니다.
47,chinese,성장,"서재에서 변화와 성장을 다룬 책들 사이를 걷다 보니, 오늘의 당신에게 건네고 싶은 한 줄이 남았습니다."
48,chinese,성장,"오늘 띠별 기운을 살피다 보니, 묵묵히 앞으로 나아가는 것의 가치를 담은 구절 하나가 빛을 발했습니다."
49,chinese,성장,"오늘의 흐름을 따라가다 문득, 어제보다 오늘을 조금 더 나아가는 것에 대한 철학자의 말이 손에 잡혔습니다."
50,chinese,도전,"오늘 띠별 흐름을 정리하다 보니, 결단과 도전의 무게를 가장 단단하게 담아낸 구절 하나가 서가에서 눈에 밟혔습니다."
51,chinese,도전,"오늘의 기운 속에서 용기와 도전에 관한 서가를 거닐다가, 이 문장이 가장 먼저 손에 잡혀 왔습니다."
52,chinese,도전,"오늘의 흐름을 가만히 들여다보다, 두려움 앞에서도 나아가는 것에 대한 오래된 기록 하나가 마음에 남았습니다."
53,chinese,도전,"결단과 용기에 대한 책들을 살피다 보니, 오늘의 당신에게 불어넣고 싶은 격언 하나를 서재에서 찾았습니다."
54,chinese,도전,"오늘의 흐름을 따라가다 보니, 멈추지 않는 것의 의미를 담아낸 한 줄이 유독 선명하게 눈앞에 남았습니다."
55,chinese,도전,"오늘 띠별 기운을 정리하면서, 도전이라는 말의 진짜 무게를 담은 오래된 구절이 자연스럽게 손에 잡혔습니다."
56,chinese,도전,"서랍 속 깊이 간직해온 책을 꺼내어 읽다가, 용기와 결단에 대한 문장 하나가 오늘의 당신을 향해 손짓했습니다."
57,chinese,인내,"오늘 띠별 흐름을 살피다 보니, 기다림과 인내의 의미를 가장 담담하게 담아낸 구절 하나가 서가에서 눈에 들어왔습니다."
58,chinese,인내,"오늘의 기운을 읽어가다 문득, 묵묵히 버티는 것의 가치를 담아낸 철학자의 말 한 줄이 손에 잡혔습니다."
59,chinese,인내,"인내와 기다림에 관한 기록을 살피다 보니, 오늘의 당신 곁에 조용히 놓아두고 싶은 문장 하나가 남았습니다."
60,chinese,인내,"오늘 띠를 정리하면서, 꾸준함이 결국 길을 만든다는 오래된 말 한 줄이 유독 마음에 오래 머물렀습니다."
61,chinese,인내,"기다림을 다룬 서가를 거닐다가, 오늘의 당신에게 가장 어울리는 인내의 문장을 한 줄 꺼내왔습니다."
62,chinese,인내,"오늘의 흐름을 따라가다 보니, 천천히 그러나 멈추지 않는 것에 대한 구절이 선명하게 떠올랐습니다."
63,chinese,인내,"서재 한편, 인내에 대한 책들을 정리하다 보니 오늘의 당신에게 건네고 싶은 한 줄이 손에 잡혔습니다."
64,chinese,관계,오늘 띠별 흐름을 살피다가 사람과 사람 사이의 온기를 가장 다정하게 담아낸 구절 하나가 서가에서 눈에 밟혔습니다.
65,chinese,관계,"오늘의 기운을 읽어가다 보니, 인연과 관계에 대한 오래된 기록 하나가 문득 손에 잡혔습니다."
66,chinese,관계,"오늘의 흐름을 되짚어보다 문득, 관계의 결을 담아낸 철학자의 말 한 줄이 유독 오래 마음에 남았습니다."
67,chinese,관계,"사람과 인연에 관한 책들을 살피다 보니, 오늘의 당신이 마주할 관계들에게 건네고 싶은 구절을 발견했습니다."
68,chinese,관계,"오늘의 흐름을 따라가다 문득, 우리가 서로에게 줄 수 있는 것의 가치를 담은 문장이 손에 잡혔습니다."
69,chinese,관계,"관계와 인연을 다룬 서가를 거닐다가, 오늘의 당신 곁에 조용히 놓아두고 싶은 구절 하나를 찾았습니다."
70,chinese,관계,"오늘 띠별 기운을 살피다 보니, 곁에 있는 사람의 소중함을 가장 따뜻하게 담아낸 문장이 눈앞에 남았습니다."
71,weekly,인생,"이번 주 별자리 흐름을 구조화하다 보니, 삶의 긴 여정을 가장 담담하게 정리한 고전의 한 구절이 서가에서 떠올랐습니다."
72,weekly,인생,"한 주의 방향을 정리하다 보니, 삶이라는 이름의 오래된 기록 속에서 이 문장이 가장 먼저 손에 잡혔습니다."
73,weekly,인생,"이번 주를 살피다 보니, 오래전 서가에서 발견해 오래 간직해 온 인생의 한 구절이 자연스럽게 떠올랐습니다."
74,weekly,인생,"한 주의 큰 흐름을 도서관 색인처럼 정리하다 보니, 삶의 본질을 꿰뚫는 오래된 문장 하나가 남았습니다."
75,weekly,인생,"이번 주를 내다보며 서재를 거닐다가, 삶의 무게를 조용히 담아낸 철학자의 말 한 줄을 꺼내왔습니다."
76,weekly,성장,"이번 주 별자리 흐름을 정리하면서, 변화와 성장에 대한 서가를 거닐다가 이 구절이 자연스럽게 손에 잡혔습니다."
77,weekly,성장,"한 주를 내다보다 보니, 나아감과 변화에 관한 오래된 기록 하나가 가장 명확한 이정표가 되어주었습니다."
78,weekly,성장,"이번 주 흐름 속에서 성장의 방향을 짚어보다가, 이 오래된 구절이 가장 정확한 나침반이 되어주었습니다."
79,weekly,성장,"한 주의 변화를 체계적으로 정리하다 보니, 조금씩 나아가는 것의 가치를 담은 구절 하나가 남았습니다."
80,weekly,성장,"이번 주를 살피며 성장과 전진에 관한 서가를 거닐다가, 오늘의 당신에게 건네고 싶은 한 줄을 발견했습니다."
81,weekly,도전,"이번 주 별자리를 구조화하다 보니, 결단과 도전의 무게를 가장 단단하게 담아낸 격언 하나가 서가에서 눈에 밟혔습니다."
82,weekly,도전,"한 주를 앞두고 용기와 도전에 관한 서가를 거닐다가, 이 문장이 가장 먼저 손에 잡혀 왔습니다."
83,weekly,도전,이번 주 흐름 속에서 새로운 시도와 결단의 의미를 담아낸 오래된 기록 하나를 서재에서 꺼내왔습니다.
84,weekly,도전,"한 주의 방향을 정리하다 보니, 멈추지 않는 것의 가치를 담은 철학자의 말 한 줄이 유독 선명하게 남았습니다."
85,weekly,도전,"이번 주를 내다보며, 새로운 도전 앞에서도 나아가는 것에 대한 오래된 격언을 서재에서 찾아보았습니다."
86,weekly,인내,"이번 주 흐름을 살피다 보니, 기다림과 인내의 의미를 가장 담담하게 담아낸 구절이 서가에서 눈에 들어왔습니다."
87,weekly,인내,"한 주를 정리하다 보니, 묵묵히 버티는 것의 가치를 담아낸 오래된 기록 하나가 명확한 이정표가 되어주었습니다."
88,weekly,인내,"이번 주를 내다보며 인내에 관한 서가를 거닐다가, 오늘의 당신 곁에 놓아두고 싶은 구절 하나를 찾았습니다."
89,weekly,인내,"한 주의 흐름을 체계적으로 살피다 보니, 천천히 그러나 꾸준히 나아가는 것에 대한 문장이 손에 잡혔습니다."
90,weekly,인내,이번 주를 앞두고 기다림과 꾸준함에 대한 오래된 말 한 줄을 서재에서 조용히 꺼내보았습니다.
91,weekly,관계,이번 주 별자리를 정리하다가 사람과 사람 사이의 온기를 가장 다정하게 담아낸 속담이 서가에서 눈에 밟혔습니다.
92,weekly,관계,"한 주를 내다보다 보니, 인연과 관계에 대한 오래된 삶의 지혜 하나가 가장 명확한 이정표가 되어주었습니다."
93,weekly,관계,"이번 주 흐름 속에서 관계의 결을 담아낸 오래된 기록을 살피다가, 이 속담이 자연스럽게 손에 잡혔습니다."
94,weekly,관계,"한 주의 인연들을 체계적으로 정리하다 보니, 사람의 온기를 담은 오래된 말 한 줄이 유독 마음에 남았습니다."
95,weekly,관계,"이번 주를 앞두고 관계와 인연을 다룬 서가를 거닐다가, 오늘의 당신에게 건네고 싶은 구절을 찾았습니다."
96,monthly,인생,"이달의 띠별 흐름을 도서관 색인처럼 정리해 나가던 중, 삶의 본질을 꿰뚫는 오래된 격언 하나가 문득 떠올랐습니다."
97,monthly,인생,"한 달의 큰 흐름을 구조화하다 보니, 삶이라는 긴 여정을 가장 담담하게 요약한 구절 하나가 손에 잡혔습니다."
98,monthly,인생,"이달의 변화를 체계적으로 살피다가, 인생의 결을 담아낸 오래된 말 한 줄이 가장 정확한 이정표가 되어주었습니다."
99,monthly,인생,"장기적인 흐름 속에서 삶의 방향을 잃지 않도록, 오래된 처세의 기록에서 이 구절을 빌려왔습니다."
100,monthly,인생,"이달을 내다보며 서재를 거닐다가, 삶의 무게를 조용히 담아낸 철학자의 말 한 줄을 서가에서 꺼내왔습니다."
101,monthly,성장,"이달의 띠별 흐름을 구조화하다 보니, 변화와 성장에 대한 오래된 기록이 가장 명확한 이정표를 제시해주었습니다."
102,monthly,성장,"한 달의 변화를 도서관 색인처럼 정리하다 보니, 나아감의 의미를 담은 오래된 격언 하나가 손에 잡혔습니다."
103,monthly,성장,"이달의 흐름 속에서 성장의 방향을 짚어보다가, 이 오래된 말 한 줄이 가장 정확한 나침반이 되어주었습니다."
104,monthly,성장,"장기적인 변화를 살피다 보니, 조금씩 쌓이는 것의 가치를 담아낸 구절 하나가 서가에서 눈에 밟혔습니다."
105,monthly,성장,"이달을 내다보며 성장과 전진에 관한 서가를 거닐다가, 오늘의 당신에게 건네고 싶은 한 줄을 발견했습니다."
106,monthly,도전,"이달의 띠별 흐름을 구조화하다 보니, 결단과 도전의 무게를 가장 단단하게 담아낸 격언이 서가에서 눈에 밟혔습니다."
107,monthly,도전,"한 달을 앞두고 용기와 도전에 관한 기록을 살피다가, 이 오래된 구절이 가장 먼저 손에 잡혀 왔습니다."
108,monthly,도전,이달의 흐름 속에서 새로운 시작과 결단의 의미를 담아낸 오래된 말 하나를 처세의 기록에서 빌려왔습니다.
109,monthly,도전,"장기적인 도전을 내다보다 보니, 멈추지 않는 것의 가치를 담은 철학자의 말 한 줄이 유독 선명하게 남았습니다."
110,monthly,도전,이달을 내다보며 도전과 용기에 대한 오래된 격언을 서재에서 조용히 꺼내어 당신에게 건네봅니다.
111,monthly,인내,"이달의 띠별 흐름을 도서관 색인처럼 정리하다 보니, 기다림과 인내를 가장 담담하게 담아낸 격언이 손에 잡혔습니다."
112,monthly,인내,"한 달의 흐름을 구조화하다 보니, 묵묵히 버티는 것의 가치를 담은 오래된 기록 하나가 이정표가 되어주었습니다."
113,monthly,인내,"이달의 변화를 살피다가, 꾸준함이 결국 길을 만든다는 오래된 말 한 줄이 유독 마음에 오래 머물렀습니다."
114,monthly,인내,"장기적인 흐름 속에서 인내의 의미를 잃지 않도록, 오래된 처세의 기록에서 이 구절을 빌려왔습니다."
115,monthly,인내,이달을 내다보며 기다림과 꾸준함에 대한 오래된 격언을 서재에서 조용히 꺼내어 당신 곁에 놓아둡니다.
116,monthly,관계,"이달의 띠별 흐름을 구조화하다 보니, 사람과 사람 사이의 온기를 담아낸 오래된 격언이 서가에서 눈에 밟혔습니다."
117,monthly,관계,"한 달의 인연들을 도서관 색인처럼 정리하다 보니, 관계의 결을 담은 오래된 말 한 줄이 손에 잡혔습니다."
118,monthly,관계,"이달의 흐름 속에서 인연과 관계에 대한 기록을 살피다가, 이 속담이 가장 정확한 이정표가 되어주었습니다."
119,monthly,관계,"장기적인 흐름 속에서 관계의 온기를 잃지 않도록, 오래된 삶의 지혜에서 이 구절을 빌려왔습니다."
120,monthly,관계,"이달을 내다보며 관계와 인연에 대한 오래된 격언을 서재에서 꺼내어, 오늘의 당신에게 조용히 건네봅니다."
121,quote,인생,오늘 이 명언을 다시 꺼내든 것은 우연이 아닙니다. 오늘 당신에게 가장 어울리는 문장을 서재에서 찾아보았습니다.
122,quote,인생,"수많은 사람들의 기록 사이에서, 오늘 당신의 하루와 가장 맞닿은 말 한 줄을 발견했습니다."
123,quote,인생,"오늘 하루의 흐름을 살피다가, 오랜 세월을 견뎌온 한 문장이 유독 선명하게 눈앞에 남았습니다."
124,quote,인생,"서재를 거닐다 손에 잡힌 책 한 권, 그 안에서 오늘의 당신에게 건네고 싶은 구절을 발견했습니다."
125,quote,성장,"오늘의 기운을 읽어 내려가다 문득, 성장과 변화에 대한 기록이 담긴 서가 한 켠이 눈에 들어왔습니다."
126,quote,성장,"나아감과 변화에 대한 책들 사이를 거닐다가, 오늘의 당신에게 꼭 어울리는 문장 하나를 발견했습니다."
127,quote,도전,"도전과 결단에 관한 기록들을 살피다가, 오늘 이 문장이 가장 먼저 손에 잡혔습니다."
128,quote,도전,"오늘의 흐름을 정리하면서, 용기와 도전에 대해 기록한 서가의 한 구절이 자연스럽게 눈에 밟혔습니다."
129,quote,인내,"긴 시간을 견뎌온 말들이 모인 서재의 한 켠에서, 오늘 당신에게 건네고 싶은 문장을 꺼냈습니다."
130,quote,인내,"인내와 기다림에 대한 기록들 사이에서, 오늘 이 구절이 가장 선명하게 남아있었습니다."
131,quote,관계,"사람과 사람 사이의 이야기를 담은 서가에서, 오늘 당신에게 꼭 맞는 한 문장을 발견했습니다."
132,quote,관계,"관계와 연결에 대한 기록들을 살피다가, 오늘의 흐름에 가장 잘 어울리는 구절이 손에 잡혔습니다."
