zodiac,type,fortune
양자리,총운,"시작은 누구보다 빠른데, 중간쯤에서 갑자기 다른 게 더 재밌어 보이는 거 알아요? 그게 의지가 없는 게 아니에요. 뇌가 너무 빨리 달리다가 몸이 못 따라오는 거거든요. 오전에 방향 하나만 딱 정해두고 시작하세요. 그 하나가 오늘 전부예요."
양자리,애정운,"오늘 누군가 느리게 움직이면 속에서 뭔가 올라올 수 있어요. 그 답답함, 양자리라면 다 알 거예요. 근데 오늘은 그 사람이 틀린 게 아니라 당신이 빠른 거예요. 3초만 기다려보세요. 관계가 지켜지는 건 그 3초에서 결정되거든요."
양자리,금전운,오늘 아이디어가 계속 떠오르는데 손이 안 따라가는 날이에요. 머릿속에서는 이미 세 개가 동시에 돌아가고 있고요. 그 중에 오늘 실제로 끝낼 수 있는 건 하나예요. 나머지는 메모해두고 내일 꺼내도 늦지 않아요.
양자리,직장운,"에너지가 올라오는 날이에요. 이럴 때 양자리는 뭔가 크게 벌이고 싶어지는데, 오늘은 그 에너지를 하나에만 쏟는 게 맞아요. 여러 개 건드리면 저녁에 다 흐릿하게 끝나는 패턴, 알면서도 반복하잖아요."
양자리,건강운,"오늘 결정이 빨리 나오는 날이에요. 양자리 직감은 대개 맞아요. 근데 딱 한 가지, 돈이 크게 엮인 결정은 오늘 하루만 더 두고 보세요. 직감이 맞아도 타이밍이 틀릴 수 있거든요."
양자리,대인운,"충동적으로 뭔가 사고 싶거나 시작하고 싶은 날이에요. 양자리 특유의 그 기분, 지금 당장 하지 않으면 안 될 것 같은 느낌이요. 장바구니에 넣어두고 내일 다시 봐도 그 기분 여전하면 그때 해도 충분해요."
양자리,행동운,오늘 가장 먼저 떠오른 생각이 맞을 가능성이 높아요. 양자리는 너무 오래 고민하면 오히려 답에서 멀어지는 타입이거든요. 첫 번째 감각을 믿어보세요. 분석보다 직감이 더 정확한 날이에요.
황소자리,총운,"갑자기 계획이 바뀌는 상황, 황소자리한테는 그게 생각보다 많이 불편하잖아요. 오늘 그런 일이 생겨도 일단 들어보세요. 처음엔 싫어도 나중에 보면 더 나은 방향이었던 적, 꽤 있었을 거예요."
황소자리,애정운,"좋아하는 음식 먹으면 기분이 올라오는 날이에요. 황소자리는 감각에서 에너지를 채우는 타입인데, 오늘 점심은 편의점 대신 제대로 된 한 끼가 맞아요. 먹는 것 하나가 오후를 바꿔놓을 수 있어요."
황소자리,금전운,"오전에 집중해서 처리한 것들이 오후에 여유를 만들어주는 날이에요. 황소자리는 한 번 시작하면 끝까지 가는 타입이에요. 오늘 오전, 미뤄두던 것 하나만 열어보세요. 시작만 하면 끝까지 가거든요."
황소자리,직장운,남들 보기엔 느린 것 같아도 황소자리가 가는 속도가 지금 맞아요. 빠른 게 항상 옳은 건 아니에요. 지금 쌓고 있는 것들이 나중에 가장 단단한 기반이 돼요. 주변 속도에 흔들리지 않아도 돼요.
황소자리,건강운,"오늘 충동구매 위험한 날이에요. 한 번 꽂히면 사는 황소자리 알잖아요. 카트에 담아두고 3일 후에 다시 보세요. 그때도 필요하면 그게 진짜 필요한 거고, 잊혔으면 괜찮은 거예요."
황소자리,대인운,오늘 하루 끝에 몸이 무거우면 스트레칭 10분이 생각보다 많이 달라지게 해줘요. 황소자리는 몸 컨디션이 기분이랑 직결되는 타입이거든요. 가벼운 움직임 하나가 내일 아침을 만들어요.
황소자리,행동운,"믿던 것이 조금 흔들리는 느낌이 드는 날일 수 있어요. 황소자리한테 가장 힘든 게 그거잖아요. 근데 흔들린다는 건 아직 잡고 있다는 뜻이기도 해요. 오늘 그 감각, 그냥 통과시켜도 돼요."
쌍둥이자리,총운,"지금 머릿속에서 동시에 몇 개가 돌아가고 있어요? 쌍둥이자리답게 아마 세 개 이상일 거예요. 오늘은 그 중에 진짜 오늘 끝낼 수 있는 것만 두 개 고르고, 나머지는 내일 목록으로 옮겨요. 줄일수록 오늘 결과가 좋아지는 날이에요."
쌍둥이자리,애정운,말이 빨리 나가는 날이에요. 쌍둥이자리는 생각이 입보다 느린 적이 없잖아요. 오늘은 보내기 전에 한 번만 더 읽어보세요. 의도보다 직접적으로 읽힐 수 있는 날이거든요.
쌍둥이자리,금전운,어제 흥미로웠던 게 오늘은 시들해진 느낌이에요. 쌍둥이자리가 가장 자주 경험하는 패턴이에요. 포기하기 전에 왜 시작했는지 메모 한 번만 다시 읽어보세요. 흥미가 식은 게 아니라 피곤한 거일 수 있어요.
쌍둥이자리,직장운,오늘 정보를 너무 많이 수집하다가 정작 결정을 못 하는 날이에요. 쌍둥이자리는 선택지가 많을수록 오히려 멈추는 타입이거든요. 지금 아는 것만으로 충분해요. 70% 파악됐으면 움직여도 돼요.
쌍둥이자리,건강운,저녁에 혼자 있는 시간이 오늘 가장 필요한 충전이에요. 하루 동안 너무 많은 자극을 받았거든요. 오늘 저녁은 새로운 인풋보다 정리하는 시간으로 쓰세요. 핸드폰 내려두는 것만으로도 달라져요.
쌍둥이자리,대인운,오늘 처음 만나는 사람이나 오래 안 본 사람과 대화가 의외로 잘 풀리는 날이에요. 쌍둥이자리 말재주가 오늘 살아있거든요. 그 자연스러움이 나중에 중요한 연결이 될 수 있어요.
쌍둥이자리,행동운,"옛날 연락처 열고 싶은 충동이 생기면, 누르기 전에 한 번만 생각해보세요. 쌍둥이자리는 즉흥적인 연락이 예상치 못한 방향으로 흘러가는 날이 있어요. 오늘이 그럴 수 있는 날이에요."
게자리,총운,"누군가 무심코 던진 말이 집에 와서도 계속 재생되는 날이에요. 게자리라면 이 감각 너무 잘 알 거예요. 근데 상대는 이미 잊었을 가능성이 높아요. 그 장면, 오늘 밤 안에 그냥 흘려보내도 돼요."
게자리,애정운,혼자 있고 싶은데 외롭기도 한 날이에요. 게자리가 제일 자주 겪는 모순이에요. 오늘은 억지로 사람을 만들 필요 없어요. 집에서 충전하는 게 맞는 날이에요.
게자리,금전운,상대 감정이 말 안 해도 읽히는 날이에요. 게자리는 그게 자연스럽잖아요. 오늘 힘들어 보이는 사람이 있다면 먼저 다가가도 좋아요. 그 한 마디가 그 사람한테 오늘 가장 필요한 거일 수 있어요.
게자리,직장운,"오전에 집중력이 좋은 날이에요. 게자리는 환경이 안정적일 때 에너지가 나오는 타입인데, 아침 루틴이 잡혀있으면 오전이 가장 잘 돌아가거든요. 복잡한 일 오전에 처리하세요."
게자리,건강운,오래된 상처가 갑자기 떠오르는 날일 수 있어요. 게자리는 기억력이 지나치게 좋아서 그 장면이 생생하게 다시 올라오거든요. 오늘 그 기억에 오래 머물지 마세요. 지나간 건 지나간 거예요.
게자리,대인운,누군가를 챙기다 보면 정작 내 걸 못 챙기는 날이에요. 게자리가 가장 많이 하는 패턴이에요. 오늘은 내 필요를 먼저 하나 처리하고 시작하세요. 내가 채워져야 남도 챙길 수 있어요.
게자리,행동운,저녁에 가까운 사람과 짧게라도 대화하면 오늘 하루가 정리되는 느낌이 드는 날이에요. 게자리는 말로 꺼낼 때 감정이 정리되는 타입이거든요. 오늘 저녁 그 시간을 만들어보세요.
사자자리,총운,열심히 했는데 아무도 몰라주는 것 같은 날이에요. 사자자리한테 그게 얼마나 힘든지 알아요. 근데 오늘 먼저 보여주는 게 맞아요. 인정은 기다리는 게 아니라 먼저 꺼내는 거거든요. 작은 완성 하나를 오늘 공유해보세요.
사자자리,애정운,"오늘 존재감이 살아있는 날이에요. 발표든 대화든 자신 있게 나서도 되는 날이거든요. 사자자리는 무대 위에서 가장 잘 발휘되는 타입인데, 오늘 그 자리가 자연스럽게 만들어질 수 있어요."
사자자리,금전운,"저녁에 혼자 회복하는 시간을 지켜야 하는 날이에요. 낮에 에너지를 너무 써버리면 저녁에 무너지는 패턴, 사자자리라면 알 거예요. 오늘 저녁 약속은 최소화하세요. 내일을 위해 충전해야 해요."
사자자리,직장운,"칭찬이 없는 하루에 의욕이 떨어지는 느낌이에요. 사자자리는 인정받을 때 가장 잘 달리는 타입인데, 오늘은 그 칭찬을 스스로에게 먼저 주세요. 오늘 잘한 것 하나만 찾아보면 의욕이 올라와요."
사자자리,건강운,"혼자 다 짊어지고 지쳐있다면, 오늘은 도움을 요청해도 되는 날이에요. 사자자리는 혼자 해결하려는 경향이 강한데, 오늘은 '같이 하자'는 말이 오히려 당신을 더 강하게 보이게 해요."
사자자리,대인운,오늘 분위기를 주도하는 자리에 자연스럽게 서게 돼요. 억지로 만들지 않아도 돼요. 사자자리의 카리스마가 오늘 자연스럽게 흘러나오는 날이에요.
사자자리,행동운,"오늘 누군가 내 기분을 건드리는 말을 할 수 있어요. 사자자리는 자존심이 세서 그게 크게 느껴지는 타입인데, 오늘은 그냥 흘려도 돼요. 모든 말에 반응하지 않아도 괜찮아요."
처녀자리,총운,"보내기 직전에 한 번 더 읽어보는 거, 저장해두고 내일 다시 보는 거, 그러다 결국 못 보내는 거. 처녀자리가 가장 많이 하는 일이에요. 오늘은 80%에서 그냥 보내세요. 나머지 20%는 다음 버전에서 해도 돼요."
처녀자리,애정운,"남이 대충 한 것이 눈에 걸리는 날이에요. 처녀자리 특유의 섬세함인데, 지적하기 전에 그 사람이 최선을 다했는지 한 번만 생각해보세요. 그 에너지를 자신의 작업에 쓰면 오늘 완성도가 훨씬 올라가요."
처녀자리,금전운,"머릿속 할 일 목록이 잠들 때도 돌아가는 날이에요. 처녀자리는 걱정이 직업 수준이거든요. 오늘 자기 전 5분, 내일 할 것 딱 세 개만 적어두고 머릿속을 비워보세요. 그게 오늘 가장 현명한 마무리예요."
처녀자리,직장운,"아무도 못 잡는 오타를 오늘도 잡아내는 날이에요. 처녀자리의 꼼꼼함이 오늘 팀에서 빛나는 날이에요. 그 능력, 오늘 발휘해도 돼요. 단 자신한테 쓰는 건 조금만 줄여보세요."
처녀자리,건강운,완벽하게 준비 안 됐으면 시작 못 하는 패턴이 오늘 올라올 수 있어요. 근데 지금 이미 충분히 준비됐어요. 처녀자리가 준비 안 됐다고 느낄 때가 사실은 가장 잘 준비된 순간이거든요.
처녀자리,대인운,오후에 집중력이 흐트러지는 시간이 있을 거예요. 처녀자리는 피로하면 완벽주의가 과해져서 같은 내용을 계속 수정하게 돼요. 그 구간에는 새 작업보다 기존 것 마무리에 집중하세요.
처녀자리,행동운,"오늘 실용적인 해결책이 떠오르는 날이에요. 처녀자리는 감이 아니라 근거로 움직이는 타입인데, 오늘 그 분석이 가장 정확하게 맞아 들어가는 날이에요. 그 판단을 믿어도 돼요."
천칭자리,총운,"오늘 YES 해놓고 후회할 것 같은 부탁이 올 수 있어요. 천칭자리는 분위기 때문에 먼저 수락하는 패턴이 있는데, 오늘은 '생각해볼게요' 한 마디가 관계도 지키고 나도 지키는 방법이에요."
천칭자리,애정운,솔직히 말하고 싶은데 분위기 망칠까봐 참고 있는 게 있지 않으세요? 천칭자리가 가장 자주 하는 일이에요. 오늘 저녁에 그 말을 꺼내보세요. 거창하게 안 해도 돼요. 짧게만 해도 충분히 전달돼요.
천칭자리,금전운,맞춰주다 보니 내가 뭘 원하는지 모르게 된 날이에요. 천칭자리가 가장 지치는 패턴이에요. 오늘은 결정 하나를 남 눈치 없이 나만 위해서 내려보세요. 그게 오늘 가장 필요한 연습이에요.
천칭자리,직장운,오늘 협상이나 설득이 필요한 자리가 있다면 오전이 맞아요. 천칭자리는 양쪽 입장을 동시에 고려하는 능력이 오전에 가장 살아있거든요. 오후로 넘기면 고민이 길어져요.
천칭자리,건강운,"오늘 불공평하다는 느낌이 드는 상황이 생겨요. 천칭자리는 공정함에 민감한 타입인데, 감정이 아니라 사실 기반으로 이야기하면 오늘 설득이 잘 돼요."
천칭자리,대인운,저녁에 혼자 정리하는 시간을 만들어두세요. 낮 동안 타인 의견을 너무 많이 수용해서 내 판단이 흐려졌을 수 있어요. 조용히 혼자 앉아 '내가 진짜 원하는 게 뭔지' 물어보는 시간이 오늘 필요해요.
천칭자리,행동운,오늘 결정을 내리기 가장 좋은 시간은 오후 후반이에요. 천칭자리는 오전에 선택지를 모으고 오후에 결론을 내리는 구조가 자연스러운 타입이거든요. 오전에 결정하려 하면 계속 고민만 해요.
전갈자리,총운,"괜찮다고 했는데 괜찮지 않은 거, 아무렇지 않은 척했는데 사실 꽤 상처받은 거. 전갈자리는 그걸 아무도 모르게 하는 데 너무 능숙해요. 오늘 가까운 한 사람한테만 그 포장지를 내려놔도 돼요."
전갈자리,애정운,"오늘 상대의 진심과 거짓을 빠르게 구분할 수 있는 날이에요. 전갈자리의 직관 레이더가 살아있는 날인데, 그 감각을 믿어도 돼요. 단 의심이 너무 깊어지면 스스로 지치거든요. 오늘은 적당히."
전갈자리,금전운,겉으로 아무렇지 않은 척하지만 속은 폭풍인 날이에요. 전갈자리가 가장 많이 쓰는 패턴이에요. 오늘 혼자 끌어안기보다 한 사람에게만 꺼내놓는 게 가장 빠른 회복이에요.
전갈자리,직장운,한 번 실망하면 다시 예전처럼 못 보는 패턴이 올라오는 날이에요. 오늘 그 감정이 사실에 기반한 건지 한 번만 확인해보세요. 전갈자리는 의심이 깊어지면 혼자 지치는 타입이거든요.
전갈자리,건강운,집요하게 파고드는 에너지가 오늘 살아있어요. 그 에너지를 오전 집중 업무에 쓰세요. 전갈자리는 몰입할 때 결과가 압도적으로 달라지는 타입이에요.
전갈자리,대인운,밤에 혼자 조용히 있는 시간이 오늘 가장 필요한 충전이에요. 전갈자리는 소음이 없어야 진짜 생각이 정리되는 타입이거든요. 오늘 저녁은 혼자만의 시간을 지켜보세요.
전갈자리,행동운,"말투가 차갑게 나갔다면 사실 상처받은 거일 수 있어요. 전갈자리는 속 보여주기 싫어서 냉정하게 나가는 타입인데, 오늘 그 방어가 가까운 사람에게 상처를 줄 수 있어요. 한 번만 더 부드럽게."
사수자리,총운,"갑갑한 날이에요. 같은 공간에 너무 오래 있으면 이유 없이 예민해지는 거, 사수자리라면 알 거예요. 오늘 점심, 10분만 밖에서 걸어보세요. 공간이 바뀌면 생각도 바뀌거든요."
사수자리,애정운,너무 솔직한 말이 상대에게 상처를 줄 수 있는 날이에요. 사수자리의 직접 화법이 오늘은 특히 세게 나갈 수 있어요. 보내기 전에 한 번만 다시 읽어보세요. 사실이어도 타이밍이 있어요.
사수자리,금전운,"약속 잡고 나서 후회하는 패턴이 오늘 생길 수 있어요. 사수자리는 그 순간 열정적으로 수락하는 타입인데, 오늘은 수락 전에 이번 주 컨디션을 먼저 확인하세요. '확인하고 연락드릴게요'가 더 나아요."
사수자리,직장운,재미없으면 바로 에너지가 방전되는 날이에요. 억지로 흥미를 만들려 하지 마세요. 오늘 반드시 해야 하는 것 하나에만 집중하고 나머지는 내려놓는 게 맞아요.
사수자리,건강운,오늘 아이디어가 폭발하는 시간이 있어요. 낮 12시~오후 2시 사이가 그 에너지가 가장 살아있는 시간이에요. 그때 10분만 조용히 앉아서 메모해두세요. 지금은 이상해 보여도 나중에 쓸 수 있어요.
사수자리,대인운,오래 달려온 것 같은데 아직 멀리 있는 느낌이 드는 날이에요. 사수자리는 목표가 크기 때문에 중간이 항상 멀어 보이거든요. 지금 속도 맞아요. 포기하기에는 아직 일러요.
사수자리,행동운,저녁에 혼자 생각을 정리하는 시간이 필요해요. 하루 동안 너무 많은 자극을 받았을 거예요. 오늘 저녁은 새로운 인풋보다 지금까지 들어온 것들을 소화하는 시간으로 쓰세요.
염소자리,총운,열심히 했는데 티가 안 나는 것 같아서 답답한 날이에요. 염소자리가 가장 힘들어하는 상황이에요. 오늘 작업한 것을 짧게라도 기록해두세요. 보이지 않아도 쌓이고 있어요. 그게 나중에 가장 단단한 기반이 돼요.
염소자리,애정운,쉬면 불안해지는 날이에요. 염소자리 특유의 패턴이에요. 근데 오늘 쉬는 게 내일 더 잘하는 조건이에요. 퇴근 후 30분은 진짜 아무것도 안 하는 시간으로 지켜보세요.
염소자리,금전운,남들 눈에 안 보이는 데서 혼자 해결하고 있는 것들이 있는 날이에요. 오늘은 혼자 끌어안기보다 도움을 요청하는 게 더 빠른 길인지 한 번 점검해보세요. 혼자 다 하는 게 능력이 아니에요.
염소자리,직장운,"감정을 억누르다 어느 날 폭발하는 패턴이 오늘 올라올 수 있어요. 염소자리는 책임감이 너무 강해서 지치는 타입인데, 오늘 가장 믿는 사람 한 명에게 털어놓는 게 가장 효율적인 선택이에요."
염소자리,건강운,"오전 일찍 처리한 것들이 하루를 바꿔놓는 날이에요. 염소자리는 이른 시간에 집중력이 최고조에 달하는 타입이에요. 중요한 판단이나 업무, 오전 안에 마무리하세요."
염소자리,대인운,"오늘 목표가 너무 많으면 하나도 제대로 못 끝나는 날이에요. 염소자리는 높은 기준을 스스로에게 세우는 타입인데, 오늘은 '이 정도면 됐다'를 허락해주세요. 완벽보다 완성이 오늘은 맞아요."
염소자리,행동운,"오래 버텨온 것들이 오늘 조금씩 결과로 나오기 시작하는 날이에요. 염소자리는 결과로 말하는 타입이에요. 지금 쌓고 있는 것, 맞는 방향이에요. 흔들리지 마세요."
물병자리,총운,"남들이랑 다른 방향이 자꾸 떠오르는 날이에요. 맞춰야 할 것 같은데 맞추기 싫고, 그렇다고 혼자 튀기는 뭐한 그 자리요. 오늘 그 아이디어 일단 메모해두세요. 공유는 내일 해도 돼요."
물병자리,애정운,"왜 이렇게 해야 해? 설명을 들어도 납득이 안 되는 날이에요. 물병자리는 자유 의지가 불가침인 타입인데, 오늘 그 에너지를 저항보다 대안 제시에 쓰면 주변이 달리 봐요."
물병자리,금전운,감정이 있는데 어떻게 표현해야 할지 모르는 날이에요. 물병자리는 감정 표현이 서툰 타입이거든요. 말로 안 되면 글로 써보세요. 쓰다 보면 내가 뭘 원하는지 보이기 시작해요.
물병자리,직장운,아이디어는 넘치는데 실행이 안 따라오는 날이에요. 물병자리의 고질적인 패턴이에요. 오늘 아이디어 하나를 딱 10분 타이머 걸고 실행해보세요. 완성이 아니라 시작이 목표예요.
물병자리,건강운,혼자이고 싶은데 이해받고도 싶은 날이에요. 물병자리가 자주 느끼는 감정이에요. 억지로 사람을 만나기보다 오늘은 온라인으로 가볍게 연결되는 정도가 가장 편한 방식이에요.
물병자리,대인운,오후에 창의적인 생각이 가장 선명하게 떠오르는 시간이 있어요. 그때 10분만 혼자 앉아서 써보세요. 아무도 생각 못 한 방향이 오늘 당신한테서 나올 수 있어요.
물병자리,행동운,"주변이 이해 못 해도 지금 가고 있는 방향이 맞는 날이에요. 물병자리는 혼자 앞서가는 타입인데, 오늘은 그 방향을 믿어도 돼요. 나중에 맞았다는 게 보일 거예요."
물고기자리,총운,"상대가 힘들면 같이 힘들어지고, 상대가 기쁘면 같이 기뻐지는 거. 좋은 것 같은데 나중에 내 감정이 어딘가에 두고 온 느낌이 들어요. 오늘은 그 감정들 중에 내 것만 골라서 한 번 들여다봐요."
물고기자리,애정운,거절 못 해서 내가 지치는 패턴이 오늘 올라와요. 물고기자리는 남 챙기다 정작 내 것 못 챙기는 타입이에요. 오늘 '지금은 여유가 없어서요' 한 번만 연습해보세요. 관계를 지키는 게 항상 수락하는 게 아니에요.
물고기자리,금전운,감이 맞는데 논리로 설명 못 하는 상황이 생겨요. 물고기자리의 직관은 대개 맞아요. 오늘 그 감각을 무시하지 마세요. 설명 못 해도 느낀 거 맞을 가능성 높아요.
물고기자리,직장운,오늘 저녁 8시 이후는 진짜 오프 타임으로 지켜보세요. 핸드폰 알림 끄고 30분만 아무것도 안 해도 돼요. 손을 펴고 있을 때 좋은 것이 내려앉아요. 채우려 하지 않아도 되는 시간이에요.
물고기자리,건강운,"오전에 창의적인 작업이 가장 잘 풀리는 날이에요. 물고기자리는 글쓰기, 그림, 기획 같은 걸 오전에 하면 다른 시간보다 두 배 잘 돌아가거든요. 오전 시간을 창의적인 것에 써보세요."
물고기자리,대인운,"내 기분인지 상대 기분인지 섞이는 날이에요. 물고기자리는 경계선이 흐릿한 타입인데, 오늘 감정이 올라온다면 '이게 내 감정인가?' 먼저 확인해보세요. 구분되는 것만으로도 가벼워져요."
물고기자리,행동운,"오늘 남 챙기다가 내 것 못 챙긴 하루였다면, 저녁 한 시간은 자신만을 위한 시간으로 쓰세요. 10분이면 충분해요. 물고기자리는 작은 자기 충전이 내일을 완전히 바꿔주는 타입이에요."
